method,id,file,dataset,fitness,dice,jaccard,acc
otsu,0,101,yg,0.9681834998150204,0.8908178027401923,0.8031302746662575,0.9782453879544222
otsu,0,102,yg,0.9748771163298744,0.9257498487336848,0.861763759253299,0.9854347531199131
otsu,0,103,yg,0.9656344410876133,0.8999560052793665,0.818109102543593,0.9807209712425393
otsu,0,104,yg,0.911005575056783,0.8099871488892969,0.6806541190990435,0.9649009766684753
otsu,0,105,yg,0.9421869227927595,0.8822206848841231,0.7892619526535665,0.9769058600108519
otsu,0,106,yg,0.9440775897647544,0.8726752503576538,0.7741116751269036,0.9773636733586544
otsu,0,107,yg,0.9490648627138878,0.7579850627681551,0.6102865916069601,0.9741759359739555
otsu,0,108,yg,0.9370629370629371,0.831141054432681,0.7110704483074108,0.9732263971785133
otsu,0,109,yg,0.9589006555723651,0.8494527585436676,0.7383032420889147,0.9771432447097125
otsu,0,110,yg,0.931013431013431,0.7710782454809758,0.6274429129808682,0.9692925935973955
otsu,0,111,yg,0.8106560986349626,0.5653308767081222,0.3940496575342466,0.9519974226804123
otsu,0,112,yg,0.9034017138405609,0.7707133362871068,0.626959812578843,0.9649009766684753
otsu,0,113,yg,0.921793037672866,0.8036586633406091,0.671763683753258,0.9679700217037439
otsu,0,114,yg,0.9238440616500453,0.7387626872885452,0.5857443954780609,0.9633410200759631
otsu,0,115,yg,0.8620919387075283,0.7352272727272727,0.5813117699910153,0.9683939229517091
otsu,0,116,yg,0.9010799136069114,0.6024548736462094,0.43108080181855757,0.953319994574064
otsu,0,117,yg,0.9244621141253508,0.7994741632116493,0.6659366576819407,0.9663761530113945
otsu,0,118,yg,0.9571844877830082,0.8391470963938292,0.7228711697985442,0.9722429462832338
otsu,0,119,yg,0.9462345447733234,0.8825019655805014,0.789712320200125,0.9771941128594682
otsu,0,120,yg,0.9156287665729208,0.6884156471832049,0.5248733302625518,0.9650196690179056
otsu,0,121,yg,0.9497270245677889,0.8511722731906218,0.7409050576752441,0.975244167118828
otsu,0,122,yg,0.9,0.8167164179104478,0.6902119071644803,0.9739724633749322
otsu,0,123,yg,0.9649669131957961,0.7267663441805922,0.5708035919871057,0.9683939229517091
otsu,0,124,yg,0.9596971177332682,0.8677120141342756,0.7663350887458553,0.9796866521975041
otsu,0,125,yg,0.9000780640124902,0.6829557233822005,0.5185518326961996,0.9636970971242539
otsu,0,126,yg,0.9442815249266863,0.807477487746495,0.6771171860064997,0.9713612316874661
otsu,0,127,yg,0.8564954682779456,0.7172675521821632,0.5591715976331361,0.9621032284319045
otsu,0,128,yg,0.8823938761308281,0.7574671445639187,0.6096153846153847,0.9586950623982637
otsu,0,129,yg,0.9332686711930165,0.8636567633067049,0.7600315955766193,0.9742437601736299
otsu,0,130,yg,0.8809974747474747,0.723244363824825,0.5664704688451391,0.963781877373847
otsu,0,201,bs,0.6875863127205769,0.4571282836011222,0.29628405183813805,0.940848561646881
otsu,0,202,bs,0.7243519029233315,0.46761917478969156,0.305158591843848,0.9414411326962243
otsu,0,203,bs,0.6943222710915634,0.47598163503049407,0.3123201438848921,0.9388053968406396
otsu,0,204,bs,0.7475079160314296,0.5458360094198245,0.3753606972498675,0.950818379932304
otsu,0,205,bs,0.8483547925608012,0.6500609013398295,0.4815483172426238,0.9605533244087461
otsu,0,206,bs,0.729979035639413,0.5881094471343317,0.41654039397081105,0.9540290554466395
otsu,0,207,bs,0.7242353519223682,0.5592601375385345,0.38817565343340577,0.9495296750086896
otsu,0,208,bs,0.7602408061772019,0.44148046815625475,0.28326912761496076,0.9426056668020368
otsu,0,209,bs,0.5923221595309216,0.3315683542344016,0.19873055937047623,0.9304168157481635
otsu,0,210,bs,0.8247650635710337,0.43158808215215505,0.27517521209885654,0.9379529200018946
otsu,0,211,bs,0.7456362425049967,0.5167128347183749,0.3483565737051793,0.9465154302064174
otsu,0,212,bs,0.6636060100166945,0.4219931879506348,0.2674216516230308,0.9382393950135886
otsu,0,213,bs,0.7764578833693304,0.6538675289243672,0.4857378771956163,0.958314572558564
otsu,0,214,bs,0.7612543554006969,0.5742824098412365,0.4028023598820059,0.9515310397663339
otsu,0,215,bs,0.8191997611227232,0.5356306130417805,0.36577561495900274,0.949635793842375
otsu,0,216,bs,0.8365906623235614,0.5870755750273823,0.41550387596899224,0.9577346019614342
otsu,0,217,bs,0.6554818092428711,0.4641225360080066,0.30218721668177695,0.9418610140685487
otsu,0,218,bs,0.8160254897333019,0.6238159675236806,0.4532940019665683,0.9556760204081632
otsu,0,219,bs,0.6729696218226906,0.47067750677506776,0.30776864190530195,0.9405885179980411
otsu,0,220,bs,0.7675992192582953,0.5296996363309837,0.3602662758031025,0.9479104507299996
otsu,0,221,bs,0.626996007984032,0.40868433891689704,0.25682166581502297,0.9354589629235173
otsu,0,222,bs,0.7753189273626659,0.4812929292929293,0.31690965201660104,0.9458421922986062
otsu,0,223,bs,0.8644228169775615,0.6081498739955304,0.4369363213992894,0.9563052745434879
otsu,0,224,bs,0.8749675071484273,0.6073071718538565,0.43606684803731055,0.958242200989985
otsu,0,225,bs,0.8291701359977797,0.5147755664685104,0.3465978305006091,0.9473275660509703
otsu,0,226,bs,0.6137985725614592,0.3572445094042079,0.21746663544837275,0.9331292517006803
otsu,0,227,bs,0.6876701143168209,0.3959565881753712,0.24684904738641916,0.9397980381743776
otsu,0,228,bs,0.7858711093891256,0.4570205415148898,0.2961935358255452,0.942497514416385
otsu,0,229,bs,0.7293168059959643,0.35617499032133176,0.2166745171926519,0.9331640482279868
otsu,0,230,bs,0.6904239343883563,0.33536260345069435,0.20146285560199542,0.9303316532080199
otsu,0,231,bs,0.7574519594492359,0.5209699240295557,0.35223754573599775,0.9502399896220703
otsu,0,232,bs,0.8326530612244898,0.5998174997465274,0.42838522809558294,0.9612735478806907
otsu,0,233,bs,0.6698905573937388,0.5330902830523064,0.3634104245771488,0.9470145780300985
otsu,0,234,bs,0.6522598172388244,0.5059386973180077,0.33863315809719197,0.9382367908995659
otsu,0,235,bs,0.8157053331628086,0.6557006271203866,0.4877638421535638,0.9621196697206198
otsu,0,236,bs,0.7970227099858742,0.5698193824043504,0.3984247691472026,0.9517229354198906
otsu,0,237,bs,0.8348741954359274,0.5498265895953757,0.3791454081632653,0.9519725698498578
otsu,0,238,bs,0.7948904049934679,0.40211484799530034,0.2516544117647059,0.9376142149482225
otsu,0,239,bs,0.6934731934731935,0.48573906831981223,0.32077633263697014,0.9426168841520348
otsu,0,240,bs,0.7424853372434017,0.4656857110012645,0.30351389825428937,0.944675887352108
otsu,0,241,bs,0.7019352791878173,0.4529402732995547,0.2927749106788408,0.9356564975560425
otsu,0,242,bs,0.6497629083245522,0.39873903730347976,0.24901564866229178,0.9334147913421773
otsu,0,243,bs,0.7407354001441961,0.44011309115832764,0.28214423024111607,0.9471961861667744
otsu,0,244,bs,0.5843452269755277,0.28009850011193194,0.16285729161243298,0.925922342621259
otsu,0,245,bs,0.544627554383652,0.22983837316048628,0.12984033190847372,0.9164175950246053
otsu,0,246,bs,0.4780976220275344,0.19342316239556667,0.10706611441562082,0.9113841113841114
otsu,0,247,bs,0.42054324071183263,0.18950033998452484,0.10466742644011603,0.913706546838919
otsu,0,248,bs,0.59887304102835,0.2949057012789941,0.17295565500406834,0.9304155470742268
otsu,0,249,bs,0.594135041892558,0.2780933706277574,0.16150316508691429,0.9241880535998183
otsu,0,250,bs,0.7859955487074131,0.6164484726418261,0.4455551242236025,0.9542007375340709
otsu,0,251,bs,0.6679089578064688,0.4038144288415885,0.2529871439374842,0.9346047242426382
otsu,0,252,bs,0.7588243373163027,0.5339711993814632,0.36422967895049113,0.9542070275403609
otsu,0,301,ygs,0.9277912621359223,0.8349488054607509,0.7166627607218186,0.9736807732497388
otsu,0,302,ygs,0.8089295618413754,0.731719553493039,0.5769382911392406,0.9549873737373737
otsu,0,303,ygs,0.7998776009791921,0.6981837606837606,0.536315141567501,0.9490440115440115
otsu,0,304,ygs,0.8359353601752945,0.7515390297956168,0.6019723865877712,0.9571003401360544
otsu,0,305,ygs,0.8265051656572854,0.6854779140197961,0.5214654978646887,0.9502197904975683
otsu,0,306,ygs,0.8485804416403786,0.7154255319148937,0.556935817805383,0.9561834561834562
otsu,0,307,ygs,0.7665414620052008,0.6682619647355164,0.5017968602231889,0.9562400318979266
otsu,0,401,ar,0.9648573027420257,0.3095956331250449,0.18314886023241486,0.9130814163773148
otsu,0,402,ar,0.9620463416659746,0.39884313455446907,0.24909685188370892,0.9210611979166666
otsu,0,403,ar,0.9694312507611741,0.29734777736271945,0.17463799912242212,0.9149576822916666
otsu,0,404,ar,0.9420090841871765,0.33855965984586767,0.2037747920665387,0.9212284794560185
otsu,0,405,ar,0.977957244655582,0.38235512630014856,0.23636530645050174,0.9248272931134259
otsu,0,406,ar,0.9754901960784313,0.3837196113274604,0.23740906220028538,0.9263057002314815
otsu,0,407,ar,0.9804745147008741,0.32959358900973096,0.19731341237749297,0.9205729166666666
otsu,0,408,ar,0.9667114996637525,0.4034521470670783,0.25270282148193723,0.9231228298611112
otsu,0,409,ar,0.9744616383508279,0.32652247221567526,0.1951161379788525,0.9160269278067129
otsu,0,410,ar,0.9649741419840151,0.4193839500076623,0.26532942646615243,0.9229171187789352
otsu,0,411,ar,0.9533569437118529,0.40328955756725743,0.2525752615188054,0.9153645833333334
otsu,0,412,ar,0.9509512812053228,0.3075855935971543,0.18174366303753836,0.9119940863715278
otsu,0,413,ar,0.9668935286653594,0.3282874767453246,0.19637794906637304,0.9224604853877315
otsu,0,414,ar,0.9734550326578463,0.44195639363582795,0.283661119515885,0.9336367006655093
otsu,0,415,ar,0.9624742010131966,0.514665061369185,0.34649764708531283,0.9343894675925926
otsu,0,416,ar,0.9670145030067209,0.4015054158252249,0.25117721373607443,0.9263057002314815
otsu,0,417,ar,0.9681976071015053,0.442371446709459,0.28400316993094077,0.9285165292245371
otsu,0,418,ar,0.9283313652466164,0.36852068872261784,0.22588131285224886,0.9208238389756944
otsu,0,419,ar,0.9545417909244781,0.40530458590006846,0.25415799300384145,0.9214364510995371
otsu,0,420,ar,0.942063657166632,0.3334683357879234,0.200097209641429,0.9181541160300926
otsu,0,421,ar,0.9631018841591068,0.373884627757742,0.2299250312369846,0.9164067021122685
otsu,0,422,ar,0.9434503005731861,0.44272780948632157,0.28429699842022116,0.9231906467013888
otsu,0,423,ar,0.9688646005608686,0.4770993042154277,0.31328326629310144,0.9332343207465278
otsu,0,424,ar,0.9765174546598175,0.35545294970617414,0.21614033459405527,0.9236337167245371
otsu,0,425,ar,0.9649347623485555,0.31453634085213034,0.18661710037174722,0.9183892144097222
otsu,0,426,ar,0.9562160434643656,0.43180834175205657,0.27535431621571876,0.9288013599537037
otsu,0,427,ar,0.9742985869342617,0.3496169462254965,0.21183987888502984,0.9199738679108797
otsu,0,428,ar,0.958277344799785,0.4736649840595112,0.3103283218380801,0.9283447265625
otsu,0,429,ar,0.9629994459151635,0.5329471890971039,0.3632774397324539,0.9380244502314815
otsu,0,430,ar,0.9774834437086093,0.3461470812405949,0.20929737905608206,0.9243683991608797
otsu,1,101,yg,0.9696633370329264,0.8919516760251829,0.8049754299754299,0.9784658166033641
otsu,1,102,yg,0.9817950118332424,0.9259958791208791,0.8621902478017586,0.9853838849701574
otsu,1,103,yg,0.9658232628398792,0.9017188188629353,0.8210272873194222,0.9810940043407488
otsu,1,104,yg,0.9219492050381994,0.8189655172413793,0.6934306569343066,0.9665287574606619
otsu,1,105,yg,0.9530845954931658,0.8902691511387164,0.8022388059701493,0.9784319045035269
otsu,1,106,yg,0.9407758976475443,0.8823301722469518,0.7894372294372294,0.979381443298969
otsu,1,107,yg,0.94866693195384,0.7648379852422201,0.6192207792207792,0.9751424308193163
otsu,1,108,yg,0.9471907402941886,0.8353003721424774,0.7171809384699653,0.9737350786760717
otsu,1,109,yg,0.9631870902672718,0.8495496497275659,0.7384496423738643,0.9770584644601193
otsu,1,110,yg,0.945054945054945,0.7946611909650924,0.6592844974446337,0.9728703201302225
otsu,1,111,yg,0.8546895640686922,0.5759643916913947,0.4044592623463221,0.9515396093326098
otsu,1,112,yg,0.9137886263308231,0.7847903657448706,0.6458065700128464,0.9672748236570808
otsu,1,113,yg,0.9351454458750597,0.8131025189177983,0.6850655021834061,0.9694282419967445
otsu,1,114,yg,0.9250528860682986,0.7393719806763285,0.5865108258287028,0.9634088442756376
otsu,1,115,yg,0.8787475016655563,0.7581549073142693,0.610506827123351,0.9714629679869777
otsu,1,116,yg,0.9079913606911447,0.610691458454387,0.4395650355499791,0.9545577862181226
otsu,1,117,yg,0.9249298409728719,0.8053349623294644,0.6741094256008181,0.9675800325556159
otsu,1,118,yg,0.9661510872001793,0.8537189264137863,0.7447727665457059,0.9749559142702117
otsu,1,119,yg,0.9567253653053578,0.8925200978678783,0.8059018462995108,0.9791440586001086
otsu,1,120,yg,0.9296906388107674,0.7164086687306501,0.5581283164495899,0.9689365165491047
otsu,1,121,yg,0.9515468607825296,0.8492538828545325,0.7380028228652082,0.9748202658708627
otsu,1,122,yg,0.9189473684210526,0.8384153661464586,0.7217858619264159,0.9771771568095496
otsu,1,123,yg,0.9630206305955624,0.7438364401683704,0.5921493537577789,0.971106890938687
otsu,1,124,yg,0.9753297508549096,0.8816515787149481,0.7883514313919052,0.981823114487249
otsu,1,125,yg,0.9004683840749415,0.6749561146869514,0.5093839699712961,0.9623236570808464
otsu,1,126,yg,0.9517462010130632,0.8125640150221919,0.684301322599195,0.9720733857840478
otsu,1,127,yg,0.8782477341389728,0.7255709472107825,0.5693301997649823,0.9627136462289745
otsu,1,128,yg,0.8861053119925771,0.7598209845847836,0.6126704089815558,0.9590511394465545
otsu,1,129,yg,0.9410281280310379,0.8688876947877485,0.7681710213776722,0.9751763429191536
otsu,1,130,yg,0.8977272727272727,0.7328008245297604,0.5782838552257015,0.9648331524688009
otsu,1,201,bs,0.7127512659199018,0.48894736842105263,0.3235806339254615,0.9460339691432128
otsu,1,202,bs,0.7177330391616106,0.4637384176764077,0.30186162500724933,0.9410641547861507
otsu,1,203,bs,0.7091163534586166,0.4930497636919655,0.3271838391292316,0.9416302555977017
otsu,1,204,bs,0.7572417028263164,0.563020447312203,0.3918082524271845,0.9535262206148282
otsu,1,205,bs,0.8558257828644095,0.6551073796921579,0.4871075726047227,0.9610819345759105
otsu,1,206,bs,0.7650593990216632,0.6175193186304924,0.4466748266013872,0.9573907907304077
otsu,1,207,bs,0.7286574130942145,0.5807430613343776,0.40918810788438986,0.9534834462982273
otsu,1,208,bs,0.7743750817955765,0.45278543005815736,0.2926455314308324,0.9441520102464778
otsu,1,209,bs,0.5904414205111185,0.33054626532887404,0.1979966611018364,0.9303168908530041
otsu,1,210,bs,0.8240740740740741,0.4349380014587892,0.27790464650230695,0.9388449454522491
otsu,1,211,bs,0.7770819453697535,0.5446395218528203,0.3742299794661191,0.9501737175556918
otsu,1,212,bs,0.6773789649415692,0.4336480228001425,0.27685222039006085,0.9398889282760251
otsu,1,213,bs,0.7808975281977442,0.657506566983229,0.4897652016857315,0.9587465774262245
otsu,1,214,bs,0.7802090592334495,0.5961343911399819,0.42463779109459154,0.9546014987191458
otsu,1,215,bs,0.8293520453866826,0.5604317998385795,0.3893054874202817,0.9538707491635964
otsu,1,216,bs,0.8431053203040174,0.6047802171055834,0.4334659130556137,0.9604252373803349
otsu,1,217,bs,0.6917404129793511,0.49792090595417143,0.33148780775120745,0.9464167689547729
otsu,1,218,bs,0.8403351427897097,0.6494892375045603,0.48092118592557576,0.9591517857142857
otsu,1,219,bs,0.6831990080595164,0.4919093851132686,0.3261802575107296,0.944603629417383
otsu,1,220,bs,0.7777488614183474,0.5405869850314294,0.3704139811601388,0.9494818395194335
otsu,1,221,bs,0.6439620758483033,0.41960656803771745,0.2655076638205946,0.9366304999001531
otsu,1,222,bs,0.7856027076282218,0.49424675484214403,0.32823887740672253,0.9478966285309305
otsu,1,223,bs,0.8834820221681535,0.644734895191122,0.4757260353737536,0.9618088693771076
otsu,1,224,bs,0.8770470496490772,0.6100990009493241,0.4389514083132765,0.9586307125589962
otsu,1,225,bs,0.8340271995559256,0.5349830870571479,0.36517195284967796,0.951143324760346
otsu,1,226,bs,0.6275442770288131,0.3706768678273089,0.22750359367513176,0.9354861944777911
otsu,1,227,bs,0.7181545998911268,0.4176328597997705,0.2639291787536261,0.9425314735559651
otsu,1,228,bs,0.7955572775410048,0.48336472065285624,0.31870860927152317,0.9476317359315968
otsu,1,229,bs,0.7281637359469588,0.3646073903002309,0.2229479258605472,0.9356667884545122
otsu,1,230,bs,0.6928497169920296,0.3342248969129611,0.20064226935170937,0.9297288077775883
otsu,1,231,bs,0.7683461945831442,0.5517765945887211,0.3810024009603842,0.9554073337369194
otsu,1,232,bs,0.8657283603096411,0.6323635242109592,0.4623769074644817,0.9649136577708006
otsu,1,233,bs,0.6837617714431153,0.5416876701280371,0.3714483235395783,0.9477558337978154
otsu,1,234,bs,0.6778216843665102,0.5340273386194484,0.3642819219538094,0.9426493039964077
otsu,1,235,bs,0.8208210768640491,0.6787583945851621,0.5137276875050028,0.9656430268069223
otsu,1,236,bs,0.7965880691078996,0.5711280772826426,0.39970557766752085,0.9520062771081711
otsu,1,237,bs,0.8497366881217085,0.5756987115956392,0.40419728345580047,0.9559974674801427
otsu,1,238,bs,0.8038902598345188,0.4105719687140898,0.25831428704697046,0.9390815298385954
otsu,1,239,bs,0.7325174825174825,0.5232049947970864,0.35428410372040586,0.9478262849855389
otsu,1,240,bs,0.7542155425219942,0.4768802874029436,0.31309442288670775,0.946270859618635
otsu,1,241,bs,0.7255710659898477,0.4849962888346941,0.32012877939529677,0.9415256073776216
otsu,1,242,bs,0.6588514225500527,0.41332011237811933,0.2604936985730653,0.9364448502425837
otsu,1,243,bs,0.7527036770007209,0.44743496335661936,0.2881908021862751,0.947911279896574
otsu,1,244,bs,0.5759387259480665,0.2834290967593657,0.16511353898886033,0.9281798245614035
otsu,1,245,bs,0.5537244561634805,0.23885350318471338,0.13562386980108498,0.9191860640642454
otsu,1,246,bs,0.4689194826866917,0.19309949892627057,0.10686780971698412,0.9129046713952375
otsu,1,247,bs,0.4276199396399209,0.19736778903885874,0.10948866210130832,0.9165699307245834
otsu,1,248,bs,0.6071491459764043,0.29724137931034483,0.1745646010530579,0.9302401204881138
otsu,1,249,bs,0.5982010842779695,0.2810501027526122,0.16350104398194923,0.9247815883110001
otsu,1,250,bs,0.8043143297380585,0.6380551405677034,0.46848823294774633,0.9572711239377906
otsu,1,251,bs,0.6900039930786637,0.4142560332427681,0.26123765369885105,0.9352976484711532
otsu,1,252,bs,0.7827221535503365,0.5736863297765251,0.40221610558260995,0.9597815764482431
otsu,1,301,ygs,0.9271844660194175,0.8350867604864053,0.7168660567675346,0.9737243120863811
otsu,1,302,ygs,0.8275097060454798,0.746559919939955,0.5956087824351297,0.9573653198653199
otsu,1,303,ygs,0.8078335373317014,0.7104413347685683,0.5509181969949917,0.9514790764790765
otsu,1,304,ygs,0.8471651602300739,0.7718028696194635,0.6284030881755384,0.9611181972789116
otsu,1,305,ygs,0.8265051656572854,0.6899628252788104,0.5266742338251986,0.9512485970819304
otsu,1,306,ygs,0.8726340694006309,0.7349717701760212,0.5809923864531373,0.9591523341523341
otsu,1,307,ygs,0.7445824906096504,0.6778903064579771,0.512733784321528,0.9593135300372142
otsu,1,401,ar,0.9647453833240067,0.31054110526695006,0.18381098601160015,0.9134747540509259
otsu,1,402,ar,0.9612158458599784,0.4006091862517739,0.250476108033241,0.9217077184606481
otsu,1,403,ar,0.9730848861283644,0.30011080436456516,0.17654727445478047,0.9157556604456019
otsu,1,404,ar,0.9462342875250871,0.3419606046724691,0.20624395634756182,0.9220648871527778
otsu,1,405,ar,0.9798574821852731,0.3829060463734754,0.23678651788584287,0.9248566804108797
otsu,1,406,ar,0.9768358323721645,0.38470710703132394,0.2381655418072741,0.9265114113136574
otsu,1,407,ar,0.9826313997048474,0.33342321174068795,0.20006471594323488,0.9217619719328703
otsu,1,408,ar,0.9668796234028245,0.40425980598903416,0.25333685740716266,0.9233669704861112
otsu,1,409,ar,0.9767341196840169,0.3268158447389384,0.19532568708071846,0.9159432870370371
otsu,1,410,ar,0.9676383012067075,0.4211010894954903,0.2667055418772407,0.9232471607349537
otsu,1,411,ar,0.952302011905659,0.4026700227812206,0.2520894420840564,0.9152402524594907
otsu,1,412,ar,0.9501814582645991,0.30636125097510813,0.18088937274935096,0.9115577980324074
otsu,1,413,ar,0.9678163571346176,0.3295947830527784,0.19731426824392653,0.9228447808159722
otsu,1,414,ar,0.9767208172835371,0.44584599506909006,0.28687375488821665,0.9344550238715278
otsu,1,415,ar,0.9654137219338295,0.5169544031212847,0.3485762030576068,0.9347895869502315
otsu,1,416,ar,0.9670145030067209,0.4008284153806679,0.25064753478350565,0.9260977285879629
otsu,1,417,ar,0.9691238903898108,0.4439454747971217,0.2853020042721447,0.9289030852141203
otsu,1,418,ar,0.9356889817422109,0.3740377632534495,0.23004086737086582,0.9220603660300926
otsu,1,419,ar,0.9538163939711454,0.4067225735496288,0.2552741705854437,0.9219563802083334
otsu,1,420,ar,0.9470563761181611,0.3332296374915366,0.19992534363883888,0.9176319263599537
otsu,1,421,ar,0.9647592463363573,0.3771268796672009,0.23238223305458672,0.9174126519097222
otsu,1,422,ar,0.9491122605899622,0.4433415506179289,0.2848033560566335,0.9229216399016203
otsu,1,423,ar,0.9697274753721148,0.47650342731962403,0.31276960898000833,0.9330150462962963
otsu,1,424,ar,0.9770416186183039,0.35591537462766365,0.21648239338474404,0.9237467447916666
otsu,1,425,ar,0.9690121155638397,0.31678568028182424,0.18820281919587303,0.9188933195891203
otsu,1,426,ar,0.9638862256311921,0.43525634087383197,0.27816462992852203,0.9292308666087963
otsu,1,427,ar,0.9701003481466312,0.3475103163686382,0.21029499900113205,0.9195760091145834
otsu,1,428,ar,0.958210158559527,0.4740174491067719,0.310630975976303,0.9284509729456019
otsu,1,429,ar,0.9671242996983316,0.5374089151927748,0.36743620330737026,0.9388653790509259
otsu,1,430,ar,0.9783664459161148,0.3458109821515654,0.20905167330959176,0.9241875542534722
otsu,2,101,yg,0.9711431742508324,0.8933129147524247,0.8071955719557196,0.9787371134020618
otsu,2,102,yg,0.9834334607682506,0.923260981028884,0.8574603174603175,0.9847734671730873
otsu,2,103,yg,0.971487915407855,0.9050927962001936,0.8266388174807198,0.9817044221378187
otsu,2,104,yg,0.9254594259756349,0.8260228529303354,0.7036106750392465,0.9679869777536625
otsu,2,105,yg,0.9551163649796823,0.88742062811052,0.7976245565324696,0.9777536625067824
otsu,2,106,yg,0.9479983491539414,0.8888458933926671,0.7999303499912938,0.980517498643516
otsu,2,107,yg,0.958217270194986,0.7848761408083442,0.6459227467811158,0.9776180141074335
otsu,2,108,yg,0.9544248854593682,0.848354945879327,0.7366461939326261,0.9760071893651655
otsu,2,109,yg,0.9631870902672718,0.8461623657104884,0.7333461316951431,0.9764480466630494
otsu,2,110,yg,0.9508547008547008,0.8155517737923812,0.6885499557913352,0.9761089256646771
otsu,2,111,yg,0.8617349185380889,0.6110850897736143,0.4399730215827338,0.9577624796527401
otsu,2,112,yg,0.9117112438327707,0.7683553999343473,0.6238450604122245,0.9641040423223006
otsu,2,113,yg,0.9275154983309489,0.8143186100062801,0.6867937853107344,0.9699199674443841
otsu,2,114,yg,0.9202175883952856,0.7424113129342923,0.5903450949980613,0.9641718665219751
otsu,2,115,yg,0.8900732844770153,0.7733719247467439,0.6304860783388391,0.9734468258274552
otsu,2,116,yg,0.9036717062634989,0.6147516896855716,0.44378447178616887,0.9555412371134021
otsu,2,117,yg,0.9340505144995322,0.8174375767498977,0.6912426445136726,0.9697504069451981
otsu,2,118,yg,0.9636852723604573,0.851118590378143,0.7408237118731691,0.9744981009224091
otsu,2,119,yg,0.9556013488197826,0.8956193486085506,0.8109697933227344,0.9798392566467715
otsu,2,120,yg,0.9349136199276818,0.7316459676151549,0.5768468021814576,0.9710560227889311
otsu,2,121,yg,0.9535941765241128,0.8551611587107303,0.7469707769066286,0.9759224091155725
otsu,2,122,yg,0.9271052631578948,0.8450467738066683,0.7316718587746626,0.9780927835051546
otsu,2,123,yg,0.9719735305566368,0.7853436074854537,0.6465561885033662,0.976854991861096
otsu,2,124,yg,0.9814362481680508,0.8877596111356606,0.7981724274930473,0.9827726532826913
otsu,2,125,yg,0.9094457455113193,0.6961458022109351,0.5339138405132906,0.9655113944655453
otsu,2,126,yg,0.9552119434817382,0.8216947597752551,0.6973530556636823,0.97363334237656
otsu,2,127,yg,0.8891238670694864,0.7225632212128652,0.5656352104555065,0.9616793271839392
otsu,2,128,yg,0.9025748086290883,0.7727904667328699,0.6297135458812105,0.9612045577862182
otsu,2,129,yg,0.948011639185257,0.8713559775341,0.7720379146919432,0.9755324199674443
otsu,2,130,yg,0.9059343434343434,0.7583564539569296,0.6107682485635242,0.9689873846988606
otsu,2,201,bs,0.7098358140248581,0.4885673549136611,0.32324785130319333,0.9461729136098884
otsu,2,202,bs,0.7265581908439052,0.47370313764272226,0.3103610767508983,0.942679774400752
otsu,2,203,bs,0.7255097960815674,0.514277616382059,0.3461465089660435,0.9451433235703653
otsu,2,204,bs,0.7670927641609007,0.5676719461922326,0.39632816286960737,0.9538044234246766
otsu,2,205,bs,0.8674296614210777,0.6717961344330913,0.5057929372509037,0.9633954621906429
otsu,2,206,bs,0.780712788259958,0.6236811254396248,0.45315161839863716,0.9576421354245211
otsu,2,207,bs,0.7459771526839455,0.5900699572483482,0.4185100957894011,0.9541731838720889
otsu,2,208,bs,0.7827509488286873,0.4612655689661821,0.29976944667201283,0.9454445346911999
otsu,2,209,bs,0.5988494302467087,0.3387995243162045,0.203948607814325,0.9318963488732662
otsu,2,210,bs,0.8232448866777226,0.4334254947613504,0.2766708466861734,0.9385291842308846
otsu,2,211,bs,0.7916055962691539,0.5685983634014452,0.39723188018186684,0.9539393010423053
otsu,2,212,bs,0.6876739009460211,0.4370082220846963,0.279597262288591,0.9398038520619165
otsu,2,213,bs,0.8138948884089273,0.6916488222698073,0.5286415711947627,0.9632004867660481
otsu,2,214,bs,0.794006968641115,0.6050982474774297,0.43379273585624,0.9554933084344849
otsu,2,215,bs,0.8320394147506719,0.5710626088738601,0.3996414485478666,0.9556811925634184
otsu,2,216,bs,0.8511129207383279,0.621629659000793,0.4509888529306005,0.9627892920509271
otsu,2,217,bs,0.7074729596853491,0.512487201175266,0.3445262464835099,0.9483004437730148
otsu,2,218,bs,0.8445834316733538,0.6698175011698643,0.5035530852036868,0.9625
otsu,2,219,bs,0.7016429014259145,0.5160444571102878,0.3477492702412045,0.9483449832399515
otsu,2,220,bs,0.7882888744307092,0.5571343173771095,0.3861304098412901,0.9521074511676015
otsu,2,221,bs,0.6414670658682635,0.42073395246082723,0.2664110667841045,0.9371674543477778
otsu,2,222,bs,0.7801353814110908,0.5033807903909958,0.3363452688292738,0.9501155884040363
otsu,2,223,bs,0.8771289537712895,0.6411421796265191,0.4718243292372573,0.9614854403936289
otsu,2,224,bs,0.8908240187158825,0.6401419632016437,0.47074175824175823,0.9630386401135796
otsu,2,225,bs,0.8479045240077713,0.5459012731740005,0.37542242703533024,0.9524666822539163
otsu,2,226,bs,0.6274121067935501,0.37395619977942335,0.2299791676759847,0.9363985594237695
otsu,2,227,bs,0.726456178551987,0.4256099505660979,0.2703332320469969,0.9437380900315516
otsu,2,228,bs,0.8153170605708382,0.49391698939874035,0.32794805194805193,0.9485504076357129
otsu,2,229,bs,0.7359469587777457,0.3717104065810068,0.2282827379621764,0.9369345999269273
otsu,2,230,bs,0.6970082014554696,0.33705731203217515,0.20268726906281492,0.9301993212842666
otsu,2,231,bs,0.7967922529883492,0.5971875708777501,0.4257073565076799,0.9616016604687365
otsu,2,232,bs,0.8646023926812104,0.6402292860865034,0.4708362075572929,0.9661302982731554
otsu,2,233,bs,0.7174853652328836,0.5621136590229312,0.39093052281237,0.9495256537703486
otsu,2,234,bs,0.6825142010372932,0.5475530017832375,0.37698656299024624,0.9453135758120041
otsu,2,235,bs,0.8475508377030311,0.7060139562137112,0.5456117240243702,0.9687874674810542
otsu,2,236,bs,0.8174508312506791,0.5883549055644626,0.41678670360110803,0.9541117238072405
otsu,2,237,bs,0.8478642480983031,0.5792524485308814,0.40770962296004504,0.9567292670492855
otsu,2,238,bs,0.8017128755987807,0.40908080882897563,0.2571348759253224,0.9388708188230066
otsu,2,239,bs,0.7242132867132867,0.5371440920633206,0.3671886541586645,0.9512252055293662
otsu,2,240,bs,0.7652126099706745,0.47540423593714415,0.3118231383971917,0.9451639012545529
otsu,2,241,bs,0.7282677664974619,0.4897066666666667,0.32424606257504063,0.9424044689509041
otsu,2,242,bs,0.6650421496311907,0.4260759493670886,0.27070934534341323,0.9391213276760298
otsu,2,243,bs,0.7616438356164383,0.45870603560573164,0.29761099842235744,0.9496363930187459
otsu,2,244,bs,0.590509994395666,0.29134983178948337,0.17051461862121048,0.9291565310334661
otsu,2,245,bs,0.5500329597890573,0.237693710118505,0.13487650329755593,0.9192102164658998
otsu,2,246,bs,0.48296481713252676,0.1995919657481107,0.11085929519918283,0.9139121969310648
otsu,2,247,bs,0.431470496409616,0.2015017861048334,0.11203891366031617,0.9179704175248081
otsu,2,248,bs,0.6064447966191231,0.30710241205582056,0.18140637345272584,0.9335047664687056
otsu,2,249,bs,0.5974618038442583,0.28714395688991534,0.16764044943820225,0.9270921341509577
otsu,2,250,bs,0.810477657935285,0.6241677104621267,0.45366554863440345,0.954296937630271
otsu,2,251,bs,0.6967922268068681,0.4284837323511357,0.27265625,0.9383650519031141
otsu,2,252,bs,0.8125257519571487,0.5962507558959887,0.4247558874210224,0.9619563152896486
otsu,2,301,ygs,0.9302184466019418,0.8409215578716401,0.7255087553241836,0.9747474747474747
otsu,2,302,ygs,0.8202995008319468,0.7321782178217822,0.577508785630613,0.9544612794612795
otsu,2,303,ygs,0.7986536107711139,0.7158529895776193,0.5574540794532251,0.9532828282828283
otsu,2,304,ygs,0.8614078334702822,0.7753944773175543,0.6331789812764244,0.961267006802721
otsu,2,305,ygs,0.8382614891343071,0.70703125,0.5468277945619335,0.9544051627384961
otsu,2,306,ygs,0.8722397476340694,0.7432795698924731,0.5914438502673797,0.9608927108927109
otsu,2,307,ygs,0.7477607627853221,0.6803364879074658,0.5155378486055777,0.9595959595959596
otsu,2,401,ar,0.9629546726357023,0.31074833863045365,0.18395621311896007,0.9137188946759259
otsu,2,402,ar,0.9614649946017773,0.39968928016571725,0.24975729726231313,0.92138671875
otsu,2,403,ar,0.9707709170624772,0.30109923318097687,0.17723179544191217,0.9163501880787037
otsu,2,404,ar,0.9466568078588782,0.34249245232544806,0.2066310061791017,0.9222140842013888
otsu,2,405,ar,0.9792874109263658,0.38442459392424894,0.2379490257641518,0.9253811306423612
otsu,2,406,ar,0.9801999231064975,0.3888359324360392,0.24133850814085572,0.9275309244791666
otsu,2,407,ar,0.9830854807583154,0.33465365665153124,0.20095138647174846,0.9221575701678241
otsu,2,408,ar,0.9694855413584398,0.40744011870274854,0.25583974799795917,0.9241672092013888
otsu,2,409,ar,0.9782491072394762,0.3287212959764368,0.1966884967689998,0.9165378146701388
otsu,2,410,ar,0.9672465130857233,0.4204359673024523,0.2661721580127652,0.9230685763888888
otsu,2,411,ar,0.952302011905659,0.40360878243512976,0.25282573469101965,0.9155702944155093
otsu,2,412,ar,0.9496315847355108,0.3059995038803643,0.18063719850218604,0.9114583333333334
otsu,2,413,ar,0.9666628215480447,0.32945431671646486,0.1972135931469453,0.9228877314814815
otsu,2,414,ar,0.9766370792162117,0.4459100380417121,0.2869267860657351,0.9344776294849537
otsu,2,415,ar,0.9659140659203203,0.5166513339466421,0.3483006698089804,0.9346765588831019
otsu,2,416,ar,0.9707286876547577,0.4024712180098262,0.251933625576645,0.9263192635995371
otsu,2,417,ar,0.9652643766885373,0.443235387941729,0.2847157396234148,0.9289822048611112
otsu,2,418,ar,0.9356889817422109,0.3732178764877448,0.22942093541202674,0.9217868381076388
otsu,2,419,ar,0.9518014024341098,0.40586334891394005,0.2545975896341332,0.9218433521412037
otsu,2,420,ar,0.9473684210526315,0.33352252961532125,0.2001362367883276,0.9177133065682871
otsu,2,421,ar,0.9665910676901605,0.38080346403656484,0.23518050809686525,0.9185384114583334
otsu,2,422,ar,0.9562421361666433,0.4482967672166604,0.2889062532998247,0.9238846390335648
otsu,2,423,ar,0.9689365067951391,0.4770755885997522,0.3132628152969894,0.9332230179398148
otsu,2,424,ar,0.9759932907013313,0.3566366596437464,0.21701631701631702,0.9240677445023148
otsu,2,425,ar,0.9740214352283317,0.32051675228091697,0.19084248248156854,0.9198631004050926
otsu,2,426,ar,0.9659635666347076,0.4387190420030845,0.2809994189424753,0.9300695348668981
otsu,2,427,ar,0.971841081302478,0.3487286890064668,0.21118800204712845,0.9198631004050926
otsu,2,428,ar,0.958478903520559,0.4736702304269872,0.3103328257559278,0.9283311631944444
otsu,2,429,ar,0.9687249892261282,0.5400998850120995,0.36995673845575094,0.9394237377025463
otsu,2,430,ar,0.980242825607064,0.34869157227271835,0.211160777973275,0.9250013563368056
otsu,3,101,yg,0.9733629300776915,0.8974927511512877,0.8140470297029703,0.9796188279978296
otsu,3,102,yg,0.9859821591115966,0.9251003501579981,0.8606388050214524,0.9851295442213782
otsu,3,103,yg,0.9724320241691843,0.9026378056261503,0.822552307938029,0.9811618285404232
otsu,3,104,yg,0.926285360313855,0.8282100987722699,0.7067906097368836,0.968444791101465
otsu,3,105,yg,0.9591799039527151,0.8944195659662418,0.8090045178376695,0.979211882799783
otsu,3,106,yg,0.9461411473380107,0.8907236522583779,0.8029772329246935,0.9809244438415626
otsu,3,107,yg,0.9546358933545563,0.7829634464751958,0.643336015017431,0.9774484536082474
otsu,3,108,yg,0.9611767542802025,0.8547228476466173,0.746302190601011,0.9770245523602822
otsu,3,109,yg,0.961674230963187,0.8469908949589163,0.7345916795069337,0.9766345632121541
otsu,3,110,yg,0.9511599511599511,0.8114583333333333,0.6827344434706398,0.9754476397178513
otsu,3,111,yg,0.8736239542051959,0.6150984343512633,0.44414595925677186,0.957898128052089
otsu,3,112,yg,0.9324850688132953,0.787068493150685,0.6488977231658837,0.967054395008139
otsu,3,113,yg,0.9353838817358131,0.817206540985314,0.6909122930609369,0.9702421323928377
otsu,3,114,yg,0.917799939558779,0.7385700389105059,0.5855022170811645,0.9635444926749864
otsu,3,115,yg,0.8927381745502998,0.7734487734487735,0.6305882352941177,0.9733790016277808
otsu,3,116,yg,0.9161987041036717,0.6229074889867842,0.4523352527191299,0.9564568638090071
otsu,3,117,yg,0.9429373246024322,0.8228571428571428,0.6990291262135923,0.9705642973412913
otsu,3,118,yg,0.9630127774041695,0.8525501091486406,0.7429955032860602,0.9748033098209441
otsu,3,119,yg,0.9548520044960659,0.8971222388453753,0.8134375997446537,0.9801783776451438
otsu,3,120,yg,0.9316994777018883,0.7258215962441315,0.5696389093588798,0.9702930005425936
otsu,3,121,yg,0.9547315741583258,0.8612764210958342,0.7563524959452154,0.9770754205100379
otsu,3,122,yg,0.9265789473684211,0.8492522913651712,0.7380004191993292,0.9788049376017363
otsu,3,123,yg,0.9735305566368236,0.7794919744428861,0.6386618998978549,0.9760071893651655
otsu,3,124,yg,0.975085490962384,0.8730453799890651,0.7746943528041917,0.9803140260444927
otsu,3,125,yg,0.9000780640124902,0.7091020910209103,0.5493091948546928,0.967919153553988
otsu,3,126,yg,0.9632098107171421,0.8320092112838227,0.7123422712933754,0.9752611231687466
otsu,3,127,yg,0.8821752265861027,0.711847879083374,0.5526116578349735,0.9599158979924037
otsu,3,128,yg,0.9090698213871492,0.778196981731533,0.6369250771981148,0.9621201844818231
otsu,3,129,yg,0.9482056256062076,0.8789786009710484,0.7840872633942894,0.9771771568095496
otsu,3,130,yg,0.9094065656565656,0.7629766949152542,0.6167844144722757,0.9696486706456864
otsu,3,201,bs,0.7224182906245205,0.5035832709380682,0.33652609006433165,0.9484126984126984
otsu,3,202,bs,0.7406232763375621,0.49207512597343106,0.32632602223707396,0.9457151809493969
otsu,3,203,bs,0.7429028388644542,0.525044154009184,0.35597279432895873,0.9461996446919864
otsu,3,204,bs,0.7788202181306438,0.5787868223810354,0.40724842092352975,0.9551815273334261
otsu,3,205,bs,0.8785566682562391,0.6835270838486273,0.5192108971348051,0.9648645865513336
otsu,3,206,bs,0.7911949685534592,0.6473413379073757,0.4785696170428608,0.9612426481676972
otsu,3,207,bs,0.7521189043115096,0.596173506645246,0.4246774864752393,0.9549498175182481
otsu,3,208,bs,0.7783012694673472,0.45974256889954,0.29848424011242725,0.9454211052450721
otsu,3,209,bs,0.6152229228897002,0.3482808292102461,0.2108595912486255,0.9329149381271495
otsu,3,210,bs,0.8385848535102266,0.44369698742322317,0.2850967863183612,0.9399422156964903
otsu,3,211,bs,0.8013324450366422,0.5693727810650887,0.39798822050162136,0.9535203351726956
otsu,3,212,bs,0.6908736783528102,0.4438089280128692,0.2851892264400161,0.9411697979439915
otsu,3,213,bs,0.8154547636189104,0.6917752442996743,0.5287892934951759,0.9631518101612413
otsu,3,214,bs,0.8016724738675958,0.6150556030795552,0.44410129709697344,0.9569058392587805
otsu,3,215,bs,0.839504329650642,0.573687700862113,0.40221745350500715,0.9557605979756914
otsu,3,216,bs,0.8595276872964169,0.6316261905949234,0.4615889212827988,0.9639932539140946
otsu,3,217,bs,0.7160766961651918,0.5278847460698591,0.3585892780205576,0.9508025682182986
otsu,3,218,bs,0.8506018409251829,0.6762360446570973,0.5108433734939759,0.9633184523809524
otsu,3,219,bs,0.6963732176069436,0.509641560798548,0.34195905320039577,0.9474020404066212
otsu,3,220,bs,0.8001301236174365,0.5816582320389727,0.41009737228224624,0.9560160321438517
otsu,3,221,bs,0.6598053892215568,0.43563133185075364,0.27847101563734006,0.9391865805764494
otsu,3,222,bs,0.7969278833637073,0.5067671040105955,0.33937579688452796,0.9497274813539873
otsu,3,223,bs,0.8803730738037308,0.6488344291691572,0.48020349480203495,0.9626200928930457
otsu,3,224,bs,0.89875227449961,0.6414954311424463,0.4722070472548484,0.962928322013737
otsu,3,225,bs,0.8559533721898418,0.5588475129111171,0.38777819690682763,0.9544634089314941
otsu,3,226,bs,0.6411578112609041,0.38120309614553455,0.2354854368932039,0.9369787915166067
otsu,3,227,bs,0.7399292324442025,0.432090916315664,0.27558416544173553,0.9441910593233576
otsu,3,228,bs,0.8228076972749581,0.4992751067748129,0.3326892950391645,0.9491787631735932
otsu,3,229,bs,0.7345056212164889,0.37347013558079883,0.22961160674056053,0.9375301424917794
otsu,3,230,bs,0.6959685803396095,0.34000169295448773,0.204820505847158,0.9312138660330418
otsu,3,231,bs,0.8126796792252988,0.6133379011076853,0.442312443383019,0.9633961774625962
otsu,3,232,bs,0.8707952146375791,0.6384603477632733,0.4689252690616947,0.965625
otsu,3,233,bs,0.7213031305675744,0.5705944531132028,0.3991830410592295,0.9509794344620724
otsu,3,234,bs,0.6926401580637195,0.5576932637335322,0.3866675858265545,0.9467325250710972
otsu,3,235,bs,0.8591891546233533,0.71540386560886,0.5569095581530299,0.96977151905893
otsu,3,236,bs,0.8258176681516897,0.5939356048765239,0.4224099599822143,0.9547002026982847
otsu,3,237,bs,0.8455236980690463,0.5720506730007918,0.4006099251455503,0.9555575654919503
otsu,3,238,bs,0.7983742197706488,0.4105243515581265,0.2582765907490021,0.9394876274322755
otsu,3,239,bs,0.7451923076923077,0.5465035525401998,0.37599235518965013,0.9516692856004191
otsu,3,240,bs,0.7716275659824047,0.48569450853714813,0.32073746762151456,0.946937415192706
otsu,3,241,bs,0.7247779187817259,0.4913431551779761,0.3256825147907905,0.9430545857311406
otsu,3,242,bs,0.6753161222339304,0.42443809760337764,0.26938839848675916,0.9377651861002202
otsu,3,243,bs,0.7554434030281182,0.4549125168236878,0.29442508710801396,0.9492768261150614
otsu,3,244,bs,0.5936857836727069,0.29678744863653345,0.17425156267134553,0.9306169836355594
otsu,3,245,bs,0.5524060646011866,0.24045911047345767,0.13666014350945857,0.9200857410258733
otsu,3,246,bs,0.4812960645251008,0.20068421662994318,0.11153362766265992,0.9147930091326317
otsu,3,247,bs,0.4267873868248517,0.20155305450434954,0.11207061459842046,0.9188866005117643
otsu,3,248,bs,0.6060926219404825,0.3097830978309783,0.1832800851970181,0.9343733420048264
otsu,3,249,bs,0.6038689009364219,0.2936928838951311,0.17212193580108168,0.9286153380271027
otsu,3,250,bs,0.8145865434001027,0.6317466640111532,0.4617176128093159,0.9555315055315056
otsu,3,251,bs,0.6946625848529216,0.42654570716358137,0.27108871805526696,0.938064931855095
otsu,3,252,bs,0.8239252849883257,0.6085721531828557,0.4373724117818606,0.9633570750237417
otsu,3,301,ygs,0.9299150485436893,0.8433071949374055,0.7290675547098002,0.9752046325322188
otsu,3,302,ygs,0.8325013865779257,0.7498438865992256,0.5998001998001998,0.9578493265993266
otsu,3,303,ygs,0.802937576499388,0.7186087909078461,0.5608035905107929,0.9536661255411255
otsu,3,304,ygs,0.8496302382908792,0.7738555569414993,0.6311291963377416,0.9614583333333333
otsu,3,305,ygs,0.8382614891343071,0.7039640987284966,0.5431671283471837,0.9537270856715301
otsu,3,306,ygs,0.8951104100946372,0.7576769025367156,0.6098871574422353,0.9628378378378378
otsu,3,307,ygs,0.7399595492632187,0.6776925112463614,0.5125075045027017,0.9595295055821371
otsu,3,401,ar,0.9677672076105204,0.3132403550081507,0.18570538839851383,0.9142885561342593
otsu,3,402,ar,0.9606344987957811,0.4013462639440676,0.2510526544254894,0.9219948097511574
otsu,3,403,ar,0.9729630982827914,0.30353920097266285,0.1789249720044793,0.9171255606192129
otsu,3,404,ar,0.9500369705292068,0.3461427444339677,0.20929420799106416,0.9231883861400463
otsu,3,405,ar,0.9816627078384799,0.3867852129153018,0.23976051794955097,0.9259417498553241
otsu,3,406,ar,0.9810649750096117,0.38998204256294655,0.24222216948669878,0.9278157552083334
otsu,3,407,ar,0.9835395618117834,0.3358139534883721,0.20178870877585242,0.9225260416666666
otsu,3,408,ar,0.972932078009415,0.4103673237838604,0.25815229513315785,0.9248137297453703
otsu,3,409,ar,0.9798723081917542,0.33043827318176844,0.19791917116565758,0.9170464409722222
otsu,3,410,ar,0.9681868045760853,0.4217640633533588,0.26723765031577124,0.9234121817129629
otsu,3,411,ar,0.952603420993143,0.402913008143037,0.2522799385364491,0.9152990270543981
otsu,3,412,ar,0.9455625206202574,0.30480174415513056,0.17980300717288109,0.9113385235821759
otsu,3,413,ar,0.9671242357826739,0.33196072220462464,0.1990125332320547,0.9237196180555556
otsu,3,414,ar,0.9794841735052755,0.4488401987682508,0.28935780724322185,0.9350608543113426
otsu,3,415,ar,0.9649759209456501,0.5154770058299785,0.3472341000135032,0.9344324182581019
otsu,3,416,ar,0.9711708524938097,0.40558407504524135,0.2543778374872603,0.9272325303819444
otsu,3,417,ar,0.9658047086067155,0.44548885565762303,0.28657810352725605,0.9295880353009259
otsu,3,418,ar,0.9360523208284132,0.37436651953572014,0.23028962188254223,0.9221394856770834
otsu,3,419,ar,0.9523656000644797,0.40498346271828356,0.2539054945527215,0.9215110496238426
otsu,3,420,ar,0.9454961514458082,0.334357125779339,0.20073758364065986,0.9181835033275463
otsu,3,421,ar,0.9688590369853455,0.3823342111151271,0.23634932118993915,0.9188752350983797
otsu,3,422,ar,0.9570809450580177,0.4494116488602235,0.28983298406045593,0.9241604275173612
otsu,3,423,ar,0.9715251312288775,0.4787824022395861,0.3147363026462915,0.9335010669849537
otsu,3,424,ar,0.9751546283677535,0.3577348331891164,0.21783012903074725,0.9244949905960648
otsu,3,425,ar,0.9755358807082946,0.32182317787898,0.19176952847688186,0.9202180085358797
otsu,3,426,ar,0.9652444870565676,0.4415328107011677,0.2833122273814549,0.9309149848090278
otsu,3,427,ar,0.971636289166496,0.348482344516058,0.21100733822548365,0.9197930230034722
otsu,3,428,ar,0.9596210696049449,0.4747627515830411,0.31127141175957806,0.9285594798900463
otsu,3,429,ar,0.9717416733362063,0.5430399779811463,0.3727212619250024,0.9399504484953703
otsu,3,430,ar,0.9817880794701986,0.3505142451826457,0.2124991041353114,0.9254828559027778
otsu,4,101,yg,0.9709581945985941,0.8957337883959045,0.8111574717972493,0.9792797069994574
otsu,4,102,yg,0.9865283087565994,0.926958604173794,0.863860991551092,0.9855195333695063
otsu,4,103,yg,0.9726208459214502,0.9038427794349886,0.8245557867776533,0.9814161692892024
otsu,4,104,yg,0.9322733842659509,0.8282883874518437,0.7069046500704557,0.9682582745523602
otsu,4,105,yg,0.954008127077946,0.8890610207418883,0.800278896808181,0.9781436516549105
otsu,4,106,yg,0.9471729261246389,0.8896210873146623,0.8011869436201781,0.9806870591427022
otsu,4,107,yg,0.9578193394349384,0.7962289116771419,0.6614454520472657,0.9791101465002713
otsu,4,108,yg,0.9659995177236557,0.8636412633394416,0.7600075886928477,0.9785505968529571
otsu,4,109,yg,0.9636913767019667,0.8575274848552839,0.7505891594658287,0.9784658166033641
otsu,4,110,yg,0.9493284493284493,0.8088426527958388,0.6790393013100436,0.9750746066196418
otsu,4,111,yg,0.8714222809335095,0.6148827093366475,0.4439210408254823,0.9579659522517634
otsu,4,112,yg,0.9389768891197091,0.7940272288098376,0.6584122359796067,0.9681904503526858
otsu,4,113,yg,0.9296614210777301,0.8188596030662606,0.6932788051209103,0.9707508138903961
otsu,4,114,yg,0.9368389241462678,0.7512419726160184,0.6015913060353192,0.9651892295170917
otsu,4,115,yg,0.894070619586942,0.7775202780996524,0.6360189573459716,0.9739555073250136
otsu,4,116,yg,0.9153347732181425,0.6280379371665679,0.45776625621084466,0.9574403147042865
otsu,4,117,yg,0.9417680074836295,0.8209989806320082,0.696351374719004,0.9702251763429192
otsu,4,118,yg,0.9690652320107599,0.856378763866878,0.7488307639009181,0.9754137276180141
otsu,4,119,yg,0.956912701386287,0.8982678273102963,0.8153232242617717,0.9803818502441671
otsu,4,120,yg,0.933306548814785,0.7287843137254902,0.5732971372161896,0.9706829896907216
otsu,4,121,yg,0.9499545040946314,0.85775906336654,0.7509440748066895,0.9765158708627238
otsu,4,122,yg,0.9305263157894736,0.8558634878373472,0.7480431563359424,0.9798053445469344
otsu,4,123,yg,0.9766446087971974,0.7916075090708313,0.6550913838120105,0.977601058057515
otsu,4,124,yg,0.9772838299951148,0.8766432953549518,0.7803783889213965,0.980907487791644
otsu,4,125,yg,0.9059328649492584,0.7156953438174529,0.5572629051620648,0.9687330439500814
otsu,4,126,yg,0.9640095974406825,0.8361660307550006,0.7184581760381482,0.9759732772653282
otsu,4,127,yg,0.8797583081570997,0.7107639736392483,0.5513063233623627,0.959814161692892
otsu,4,128,yg,0.8974715843191835,0.7735679296211136,0.6307466579719596,0.9615945469343462
otsu,4,129,yg,0.944713870029098,0.8736209525517984,0.7756012103838191,0.9761089256646771
otsu,4,130,yg,0.9097222222222222,0.7643548600981303,0.618587679759605,0.9698690992946283
otsu,4,201,bs,0.7334663188583704,0.509214871630979,0.34157496069744175,0.9487906273620559
otsu,4,202,bs,0.745311638168781,0.49087276360003634,0.3252693025215141,0.9451080996396679
otsu,4,203,bs,0.7538984406237506,0.5462446585065547,0.37574730968513353,0.9498647588867015
otsu,4,204,bs,0.7838630233376334,0.585545335085414,0.41397250092902266,0.9561274168869106
otsu,4,205,bs,0.8849149578763312,0.7024162513406095,0.5413263321664722,0.967617478460852
otsu,4,206,bs,0.80083857442348,0.6648874448828034,0.49800104293412134,0.9637058261700095
otsu,4,207,bs,0.7524874094091635,0.6043506141172988,0.43302466954124547,0.9564379127563434
otsu,4,208,bs,0.7835361863630415,0.46108822057068044,0.2996196576919227,0.9453508169066883
otsu,4,209,bs,0.6250691448169046,0.3603890926487004,0.21980159502042404,0.9353550395992689
otsu,4,210,bs,0.8424543946932007,0.447068314326574,0.2878866587957497,0.9404829567880768
otsu,4,211,bs,0.7953364423717522,0.5656479507225776,0.394357822410148,0.9531626813815655
otsu,4,212,bs,0.7063160823594881,0.4594154375169668,0.298208516886931,0.9435282996573319
otsu,4,213,bs,0.8168946484281258,0.6977912161123354,0.5358520267611177,0.9641192576817766
otsu,4,214,bs,0.8057142857142857,0.6215126592485083,0.45086569957884887,0.9578575019751491
otsu,4,215,bs,0.8487608241266049,0.5731424538763988,0.40168162227089665,0.9551729979248719
otsu,4,216,bs,0.8653637350705755,0.6398394380331159,0.47041463774531506,0.9650119908752364
otsu,4,217,bs,0.7152163225172075,0.5334616795012834,0.36375570419453646,0.9519497686715136
otsu,4,218,bs,0.8543780977106443,0.6947843193704717,0.5323138004558489,0.9661936649659864
otsu,4,219,bs,0.7162120272783633,0.5219994351878,0.3531794558239071,0.948515321300166
otsu,4,220,bs,0.8014313597918022,0.577171773966826,0.40565105710333926,0.9551259100131281
otsu,4,221,bs,0.6686626746506986,0.4421530212414931,0.28382314005824727,0.939980918147729
otsu,4,222,bs,0.7926321270502473,0.5103725744939441,0.34261760072023406,0.9507146231986771
otsu,4,223,bs,0.8787510137875101,0.6528747175495857,0.48464291039212765,0.9633464825772519
otsu,4,224,bs,0.8971926176241227,0.6387822144079952,0.4692726036709721,0.9625541997620967
otsu,4,225,bs,0.8581737441021371,0.5629238541714078,0.3917147019699753,0.955094692541501
otsu,4,226,bs,0.6469733016124769,0.38291547698204714,0.2367937306501548,0.9368667466986794
otsu,4,227,bs,0.7395209580838323,0.4332987800015948,0.27656758957654726,0.9444956421230202
otsu,4,228,bs,0.8302983339790779,0.5164477647909387,0.3481156595191683,0.952121694173792
otsu,4,229,bs,0.7365234938022485,0.38019418920427067,0.23471590648109872,0.9391267811472415
otsu,4,230,bs,0.6997805244310962,0.34517535112959746,0.20858726715559686,0.9324077940562381
otsu,4,231,bs,0.8125283704039945,0.6126989560157453,0.4416481618554157,0.963304289544236
otsu,4,232,bs,0.8785362420830402,0.651974096511385,0.48365101503176816,0.9673076923076923
otsu,4,233,bs,0.7195215067447187,0.5797785069729287,0.40823104693140794,0.9529044009906394
otsu,4,234,bs,0.6993084712274635,0.5680894818678839,0.39673532296483116,0.9484448435862894
otsu,4,235,bs,0.8602123033636014,0.7171340228169314,0.5590093085106383,0.9699920823436263
otsu,4,236,bs,0.8313593393458655,0.5954780713701988,0.4239720713731575,0.9546871253895948
otsu,4,237,bs,0.8506729081334113,0.5859261647589876,0.41435330331186226,0.9577611866664474
otsu,4,238,bs,0.817244883147046,0.4149469339622642,0.2617874081651632,0.9391773075729539
otsu,4,239,bs,0.7408216783216783,0.5432692307692307,0.37293729372937295,0.9513219922115188
otsu,4,240,bs,0.7765762463343109,0.49590355805243447,0.3297019687183877,0.9487347346870759
otsu,4,241,bs,0.7219225888324873,0.4853105838443082,0.320402703463813,0.9418928029664588
otsu,4,242,bs,0.6751844046364595,0.42661562148891014,0.2711451996826236,0.938329126161448
otsu,4,243,bs,0.7527036770007209,0.4550804236955669,0.29456576942610463,0.9494949903038138
otsu,4,244,bs,0.5976088174855222,0.297470708573554,0.174722813916653,0.9303866283355448
otsu,4,245,bs,0.5676994067237969,0.24809149310056752,0.14161212878613477,0.9211997705521843
otsu,4,246,bs,0.4867195104992352,0.20422453028358034,0.11372498050428906,0.9157016364563534
otsu,4,247,bs,0.4328233947341034,0.20519525371882477,0.11432734070042333,0.9195681208263122
otsu,4,248,bs,0.6119035041380525,0.31285167679495834,0.18543223052294558,0.9346856869020521
otsu,4,249,bs,0.6026367668802366,0.2981044676052904,0.1751602621494825,0.9302536149594973
otsu,4,250,bs,0.8224619072076699,0.638957238810933,0.4694615459786964,0.9564774731441398
otsu,4,251,bs,0.7034473579129509,0.4353018696977185,0.2782018213402116,0.9394816750229503
otsu,4,252,bs,0.8355995055624228,0.6247047951535065,0.4542332387636255,0.9652896486229819
otsu,4,301,ygs,0.9305218446601942,0.843625361023243,0.7295432921027593,0.975248171368861
otsu,4,302,ygs,0.8377703826955075,0.7543071161048689,0.6055321707757065,0.9585858585858585
otsu,4,303,ygs,0.8121175030599755,0.7197288135593221,0.562169031984749,0.9533955627705628
otsu,4,304,ygs,0.8625034237195289,0.7833333333333333,0.6438356164383562,0.9629676870748299
otsu,4,305,ygs,0.8318489490559317,0.6931868784325368,0.5304407087687415,0.9516694725028059
otsu,4,306,ygs,0.8951104100946372,0.7574240907574241,0.6095596133190118,0.9627866502866503
otsu,4,307,ygs,0.7457382259462583,0.6776056707797322,0.5124081794719079,0.9591972355130249
otsu,4,401,ar,0.9697817571348629,0.3136708356712339,0.18600807144083806,0.9142817744502315
otsu,4,402,ar,0.9597209534091853,0.40057541986585093,0.2504497085021998,0.9218184859664352
otsu,4,403,ar,0.9719887955182073,0.3037141334956998,0.17904655075715087,0.9172770182291666
otsu,4,404,ar,0.948980669694729,0.3452795019120275,0.20866333759145278,0.9229804144965278
otsu,4,405,ar,0.9801425178147268,0.38589009838027905,0.23907300115874855,0.9257767288773148
otsu,4,406,ar,0.9826989619377162,0.3920395720694812,0.243811704106453,0.9283175998263888
otsu,4,407,ar,0.9821773186513792,0.3354398480207808,0.20151860995947268,0.9225034360532407
otsu,4,408,ar,0.972595830531271,0.4124850710351343,0.2598306721462418,0.9254941587094907
otsu,4,409,ar,0.9818201493344876,0.33188236154802836,0.19895620902133632,0.9174216941550926
otsu,4,410,ar,0.9691270960664473,0.4243900765192328,0.2693497103532384,0.9241581669560185
otsu,4,411,ar,0.9559189209554668,0.40474101488346864,0.25371492570148596,0.9156471535011574
otsu,4,412,ar,0.9498515341471462,0.3066082110083601,0.18106159070898495,0.9116911711516203
otsu,4,413,ar,0.9671242357826739,0.3334194985186216,0.2000620421409311,0.9242192021122685
otsu,4,414,ar,0.9792329593032992,0.4501414631329754,0.2904403546680575,0.9354180230034722
otsu,4,415,ar,0.967352554881481,0.5193492604469218,0.3507574383164006,0.9352823893229166
otsu,4,416,ar,0.9722320481075345,0.40668812192505455,0.2552470282317979,0.9274857132523148
otsu,4,417,ar,0.9672713238131996,0.4485048050251436,0.2890790809264557,0.9303362811053241
otsu,4,418,ar,0.9367789990008175,0.37439872211431996,0.23031399347894055,0.9220897533275463
otsu,4,419,ar,0.9519626017570726,0.4047219271493678,0.2536999248201052,0.9214590567129629
otsu,4,420,ar,0.9434158518826711,0.3339961702754456,0.2004774324742496,0.9182309751157407
otsu,4,421,ar,0.9658932309839497,0.37956980032564913,0.23424014215603317,0.9181699399594907
otsu,4,422,ar,0.9563120369075913,0.4505442031252573,0.2907757704569607,0.9245673285590278
otsu,4,423,ar,0.9733227870856404,0.48019582453837556,0.31595901122756237,0.9337542498553241
otsu,4,424,ar,0.9772512842016983,0.3590010205457031,0.21876980122503578,0.9247481734664352
otsu,4,425,ar,0.9747204100652377,0.32179531556478597,0.1917497421794431,0.9202745225694444
otsu,4,426,ar,0.9652444870565676,0.44303054750815946,0.28454671785571284,0.9313331886574074
otsu,4,427,ar,0.972353061642433,0.34925246878390553,0.21157231022881715,0.9200055157696759
otsu,4,428,ar,0.9639881752217145,0.47840221396062216,0.3144078010299112,0.9292738172743056
otsu,4,429,ar,0.972049498245398,0.5436234678418951,0.3732712357266129,0.9400725188078703
otsu,4,430,ar,0.9824503311258278,0.35194337906765255,0.21355053861471654,0.9258987991898148
otsu,5,101,yg,0.97669256381798,0.9033361847733106,0.8237129485179407,0.9808396635919696
otsu,5,102,yg,0.9821591115965774,0.9251479036268542,0.8607211231652839,0.9851973684210527
otsu,5,103,yg,0.9671450151057401,0.9010467059547893,0.8199135585080839,0.9809244438415626
otsu,5,104,yg,0.9355771216188313,0.8319104011750665,0.7121974221942785,0.9689534725990233
otsu,5,105,yg,0.9558551902475064,0.8917801137342753,0.8046960037319235,0.9787032013022247
otsu,5,106,yg,0.9451093685513826,0.889752306945119,0.8013998250218722,0.9807548833423766
otsu,5,107,yg,0.9665738161559888,0.8021796565389696,0.669699476151089,0.9796866521975041
otsu,5,108,yg,0.9633469978297564,0.8554603854389722,0.7474275023386342,0.9771093326098752
otsu,5,109,yg,0.9682299546142209,0.8643781654473832,0.7611496531219029,0.9795679598480738
otsu,5,110,yg,0.9487179487179487,0.8086379601925329,0.678750818956104,0.9750576505697233
otsu,5,111,yg,0.8771466314398944,0.6240601503759399,0.453551912568306,0.9593054801953337
otsu,5,112,yg,0.9366398338094002,0.7928343774041103,0.6567734887108522,0.9680378459034183
otsu,5,113,yg,0.9306151645207439,0.8168689828380076,0.690429860251194,0.9703269126424309
otsu,5,114,yg,0.9277727410093684,0.7450552117461473,0.5936956101334365,0.9643753391209984
otsu,5,115,yg,0.9033977348434377,0.7834753719485772,0.6440275469009736,0.9745828811720022
otsu,5,116,yg,0.9183585313174946,0.6377681115944203,0.4681788152389342,0.9590511394465545
otsu,5,117,yg,0.9342843779232928,0.8142260266992765,0.6866620831900997,0.9690891209983722
otsu,5,118,yg,0.9679444070836135,0.8606737093880805,0.7554233729881036,0.9762954422137818
otsu,5,119,yg,0.9585987261146497,0.8978768204948236,0.8146791912115905,0.9802631578947368
otsu,5,120,yg,0.9341100843712334,0.7174818700817776,0.559432146294514,0.9689534725990233
otsu,5,121,yg,0.9465423111919927,0.853363412633306,0.7442318011089251,0.9757528486163863
otsu,5,122,yg,0.9323684210526316,0.8565212135863652,0.7490486257928118,0.9798731687466088
otsu,5,123,yg,0.9762553522771507,0.7916666666666666,0.6551724137931034,0.9776180141074335
otsu,5,124,yg,0.9767953102100635,0.8753420159789865,0.7783184118333982,0.9806870591427022
otsu,5,125,yg,0.9024199843871975,0.7203614270135535,0.5629413196980765,0.9695638903960934
otsu,5,126,yg,0.9640095974406825,0.8341407151095732,0.7154728927582114,0.9756172002170375
otsu,5,127,yg,0.8719033232628399,0.7047619047619048,0.5441176470588235,0.9590002712967987
otsu,5,128,yg,0.9016469496636511,0.7749202551834131,0.632546786004882,0.9617132392837765
otsu,5,129,yg,0.9464597478176527,0.8758639260389552,0.7791440434366017,0.976549782962561
otsu,5,130,yg,0.9059343434343434,0.76871568233561,0.6243202088318468,0.9707169017905589
otsu,5,201,bs,0.7357679914070892,0.5125601282736505,0.34459216672655407,0.9493130585567561
otsu,5,202,bs,0.741588527302813,0.4889090909090909,0.32354710624473587,0.9449514334952217
otsu,5,203,bs,0.7540983606557377,0.5411764705882353,0.3709677419354839,0.9488164401978202
otsu,5,204,bs,0.7809311598451976,0.5895268027090435,0.41796384634697464,0.957003755737933
otsu,5,205,bs,0.8820537275472898,0.7008082849204345,0.5394186837756392,0.9674733120516253
otsu,5,206,bs,0.8020964360587002,0.6603382809803244,0.4929141973718114,0.9629015231488464
otsu,5,207,bs,0.760471686524997,0.6098005417384881,0.43864248264134903,0.9569701511991658
otsu,5,208,bs,0.7764690485538542,0.4599759661976199,0.29868103101087395,0.9456007309987192
otsu,5,209,bs,0.6267286204226131,0.3616688479586299,0.22075442288208247,0.9355419958547285
otsu,5,210,bs,0.841763405196241,0.4473906496749789,0.2881540353865077,0.9406092612766226
otsu,5,211,bs,0.8,0.5680764499952692,0.39672261133870756,0.9533517269568772
otsu,5,212,bs,0.7049248747913188,0.4585105420323953,0.2974464338127385,0.9434337705305447
otsu,5,213,bs,0.8110151187904968,0.690609992847655,0.5274287943815841,0.9631518101612413
otsu,5,214,bs,0.8013937282229965,0.6127450980392157,0.4416961130742049,0.95649883885178
otsu,5,215,bs,0.8548820543445804,0.5874025441116126,0.4158315177923021,0.9574175242451192
otsu,5,216,bs,0.8650922909880565,0.6380699734721458,0.4685042263873576,0.9647536508803057
otsu,5,217,bs,0.7164454277286135,0.5363205594148227,0.3664194116167966,0.9524171466339345
otsu,5,218,bs,0.8540240736370073,0.6876662865830483,0.5240026066179132,0.965061649659864
otsu,5,219,bs,0.7186918784872908,0.5272913350011371,0.3580418500501892,0.9494217631205932
otsu,5,220,bs,0.7966167859466493,0.5730868242452609,0.40162697631699795,0.9546435533277638
otsu,5,221,bs,0.6598053892215568,0.437559462254395,0.2800487133326273,0.939661408063192
otsu,5,222,bs,0.7947149179901067,0.5204381739908784,0.3517515556579857,0.9525370389119503
otsu,5,223,bs,0.8795620437956204,0.6550890969495621,0.4870873568380867,0.9636699115607305
otsu,5,224,bs,0.8977125032492852,0.6461783141547385,0.4772994264390851,0.9637197344691301
otsu,5,225,bs,0.8635859006383569,0.5687779910428663,0.39740724184175236,0.9558756137479542
otsu,5,226,bs,0.6485593444356331,0.3862714999803204,0.23936585365853658,0.9376030412164866
otsu,5,227,bs,0.7373434948285248,0.4298976434182338,0.27380230442692544,0.943886476523695
otsu,5,228,bs,0.826553015627018,0.5056091009638174,0.33833791499259885,0.950224696758799
otsu,5,229,bs,0.742721245315653,0.3833792128561863,0.2371485112062221,0.9394373401534527
otsu,5,230,bs,0.6963151207115629,0.33993120171431795,0.2047693457435967,0.9311579925541238
otsu,5,231,bs,0.8141927674383417,0.6140941512125535,0.44309947299077734,0.9634448240076104
otsu,5,232,bs,0.8821956368754398,0.6664185848705545,0.49972095989795107,0.9692160518053375
otsu,5,233,bs,0.7234665309238992,0.5828975699784682,0.41133058389407423,0.9532491711151589
otsu,5,234,bs,0.7043714497406767,0.5716576468230106,0.4002245298905417,0.9488220326298459
otsu,5,235,bs,0.8613633456963806,0.7183616873766733,0.5605026631158455,0.9701334690645854
otsu,5,236,bs,0.8320113006628274,0.5983199843719477,0.42685918162559927,0.95518406311981
otsu,5,237,bs,0.8519602106495027,0.589211282424831,0.41764672135849923,0.9582668683911921
otsu,5,238,bs,0.8101320946436348,0.4129332988050757,0.26018648018648016,0.9392041253385743
otsu,5,239,bs,0.7446095571095571,0.5443024494142705,0.3739117711610213,0.9512764455375646
otsu,5,240,bs,0.780975073313783,0.5061772392492279,0.3388469184890656,0.9505201514033376
otsu,5,241,bs,0.7414340101522843,0.4926741857278381,0.32685314685314687,0.9420553321615179
otsu,5,242,bs,0.6717597471022129,0.4324049345033702,0.27583968846341067,0.9400746549223911
otsu,5,243,bs,0.7619322278298486,0.4645274725274725,0.30253063094011223,0.9507837750484809
otsu,5,244,bs,0.6063889407808706,0.3056353279035827,0.18038343984440122,0.9320497936016512
otsu,5,245,bs,0.5659854976928148,0.24785658612626657,0.14145907473309607,0.9213386468616973
otsu,5,246,bs,0.48699763593380613,0.20412088712732784,0.11366070559215864,0.9155996476751194
otsu,5,247,bs,0.4364658133000312,0.20691696679658592,0.11539731454985692,0.9197403732135055
otsu,5,248,bs,0.6113752421200915,0.3124128312412831,0.18512396694214875,0.9346086703520512
otsu,5,249,bs,0.6009117792015771,0.29642911411639566,0.17400456686170973,0.929893254599137
otsu,5,250,bs,0.8195514466700907,0.6363152997474412,0.4666146797933522,0.9561327561327562
otsu,5,251,bs,0.706908026088114,0.44138790774984415,0.28319291884397996,0.9406689146246734
otsu,5,252,bs,0.8372476308199424,0.6181615372914872,0.4473471783958318,0.9642402659069326
otsu,5,301,ygs,0.9329490291262136,0.8431587606251714,0.7288456980327092,0.975095785440613
otsu,5,302,ygs,0.8377703826955075,0.7482352941176471,0.5977443609022557,0.9572180134680135
otsu,5,303,ygs,0.815483476132191,0.726355955301172,0.570297453456024,0.9547258297258298
otsu,5,304,ygs,0.864146809093399,0.7878636533899364,0.649979398434281,0.9638818027210885
otsu,5,305,ygs,0.8436052725329534,0.7120733724251992,0.5528834928788232,0.9552235316124205
otsu,5,306,ygs,0.888801261829653,0.7535941156803745,0.6046137339055794,0.9622747747747747
otsu,5,307,ygs,0.7613406529904652,0.6861085796120296,0.522195798652398,0.9599448431685274
otsu,5,401,ar,0.9684387241186346,0.3135315325108249,0.18591010656583018,0.9143450701678241
otsu,5,402,ar,0.9603023004733826,0.40247128437173685,0.2519336775824128,0.9223858868634259
otsu,5,403,ar,0.9712580684447693,0.30275995596218824,0.1783836983022793,0.9169650607638888
otsu,5,404,ar,0.948135629027147,0.34543670264965654,0.20877817319098457,0.9231024848090278
otsu,5,405,ar,0.9809976247030879,0.3876987777631752,0.24046299315291816,0.9262763129340278
otsu,5,406,ar,0.9834678969627066,0.3930169582669151,0.24456820517723546,0.9285549587673612
otsu,5,407,ar,0.9843342036553525,0.3364308301162046,0.20223435021923686,0.9226774992766203
otsu,5,408,ar,0.9741930060524546,0.4139002482187182,0.26095473992344065,0.9258061161747685
otsu,5,409,ar,0.9816037225408506,0.33199743800896697,0.19903892570325185,0.9174827293113426
otsu,5,410,ar,0.9698323146842188,0.42591923467368675,0.27058283415679246,0.9245763708043981
otsu,5,411,ar,0.9550900459648859,0.40440296721703756,0.2534493101379724,0.9156019422743056
otsu,5,412,ar,0.9467722423842516,0.3055437251561613,0.1803196280082944,0.9115351924189815
otsu,5,413,ar,0.9672395893413311,0.334430152557583,0.20079022988505746,0.9245537651909722
otsu,5,414,ar,0.9796516496399263,0.4516116579810847,0.29166562788262573,0.9357729311342593
otsu,5,415,ar,0.9667271248983677,0.5195717575085296,0.35096044684619226,0.9353818540219907
otsu,5,416,ar,0.972585779978776,0.4072428349255721,0.25568419584321384,0.9276258680555556
otsu,5,417,ar,0.9680432265534543,0.4487984683378961,0.28932312093388085,0.9303634078414352
otsu,5,418,ar,0.9356889817422109,0.37548297732740393,0.2311351448381089,0.9225396050347222
otsu,5,419,ar,0.9530909970178125,0.4059597988224591,0.2546735010337698,0.9217687536168981
otsu,5,420,ar,0.9466403162055336,0.3361279361796425,0.20201549355175247,0.9187328197337963
otsu,5,421,ar,0.9672016748080949,0.38141102817240546,0.2356441535257364,0.9186966507523148
otsu,5,422,ar,0.9565217391304348,0.45083601021332675,0.291018906446056,0.9246396665219907
otsu,5,423,ar,0.9745451930682391,0.48312123480554664,0.31849693323619954,0.9344437210648148
otsu,5,424,ar,0.9766222874515148,0.35933040191313736,0.21901448185066766,0.9249041521990741
otsu,5,425,ar,0.9761183597390494,0.32403898213318894,0.19334517848489743,0.9209752965856481
otsu,5,426,ar,0.9664429530201343,0.44437097040833196,0.28565356004250797,0.9316202799479166
otsu,5,427,ar,0.9725578537784149,0.3503375013832024,0.21236919774617655,0.9203694661458334
otsu,5,428,ar,0.9606960494490728,0.4774290484140234,0.31356768491919035,0.9292399088541666
otsu,5,429,ar,0.9705103736994397,0.5423798792341172,0.37209961052755813,0.9398668077256944
otsu,5,430,ar,0.9834437086092715,0.352829366807904,0.2142032887777671,0.9261112919560185
otsu,6,101,yg,0.9768775434702183,0.9051332590624732,0.8267063243581716,0.9812296527400977
otsu,6,102,yg,0.983251410886583,0.9258592611639668,0.8619533992977977,0.9853330168204015
otsu,6,103,yg,0.9658232628398792,0.8991825613079019,0.8168316831683168,0.9805514107433533
otsu,6,104,yg,0.9361965723724964,0.836299916997141,0.7186558884133777,0.9699030113944656
otsu,6,105,yg,0.9521610639083856,0.890481948523061,0.8025844620893663,0.9784997287032013
otsu,6,106,yg,0.9432521667354519,0.8870560838346594,0.7970357454228422,0.9802631578947368
otsu,6,107,yg,0.9645841623557501,0.7952755905511811,0.6601307189542484,0.9788388497015735
otsu,6,108,yg,0.9609356161080299,0.857634778865813,0.7507535795026375,0.9775671459576777
otsu,6,109,yg,0.9679778113968734,0.8615350089766607,0.7567514291346343,0.9790762344004341
otsu,6,110,yg,0.9429181929181929,0.8169796350171912,0.6905879722781131,0.9765328269126424
otsu,6,111,yg,0.8714222809335095,0.6098613251155625,0.43870538683218796,0.957067281606077
otsu,6,112,yg,0.9368995066216567,0.7970838396111786,0.6626262626262627,0.9688517362995117
otsu,6,113,yg,0.9315689079637578,0.8206259189245957,0.6958147818343722,0.9710390667390125
otsu,6,114,yg,0.927470534904805,0.7411253320453997,0.5887205064262421,0.9636462289744981
otsu,6,115,yg,0.9067288474350433,0.7863642929365882,0.6479409664365627,0.9749220021703744
otsu,6,116,yg,0.9222462203023758,0.6440422322775264,0.474972191323693,0.9599837221920782
otsu,6,117,yg,0.9284377923292797,0.8070746086602968,0.6765507839127471,0.9678174172544763
otsu,6,118,yg,0.9650302622730329,0.8539125260339184,0.745067497403946,0.9750237384698861
otsu,6,119,yg,0.9623454477332334,0.9005171355947059,0.8190369897959183,0.9807548833423766
otsu,6,120,yg,0.9365206910405786,0.7377749643931002,0.5845035105315948,0.9719038252848616
otsu,6,121,yg,0.9465423111919927,0.8543270711425932,0.7456989247311828,0.9759393651654911
otsu,6,122,yg,0.9352631578947368,0.8563855421686747,0.7488411293721028,0.9797883884970158
otsu,6,123,yg,0.9778123783573375,0.7925540306041963,0.6563888163051999,0.9777027943570266
otsu,6,124,yg,0.975818270639961,0.8727471327143638,0.7742248062015504,0.9802462018448183
otsu,6,125,yg,0.907103825136612,0.7144174608054104,0.555714968914395,0.9684956592512208
otsu,6,126,yg,0.9640095974406825,0.8337560525709016,0.7149070778964017,0.975549376017363
otsu,6,127,yg,0.8682779456193354,0.7008901353493476,0.5395156748639008,0.9584068095496473
otsu,6,128,yg,0.9086058919044305,0.7813684420506682,0.6411851366835816,0.9628323385784048
otsu,6,129,yg,0.9456838021338506,0.8757747237941256,0.7790028763183126,0.976549782962561
otsu,6,130,yg,0.9065656565656566,0.7658666666666667,0.6205704407951599,0.9702251763429192
otsu,6,201,bs,0.7299370876170017,0.50509662348694,0.3378791107322963,0.9481903872660176
otsu,6,202,bs,0.7469663541092113,0.49140472626661225,0.32573662056524355,0.9451032038226539
otsu,6,203,bs,0.7483006797281088,0.5320540156361052,0.3624479519705626,0.9473119828427842
otsu,6,204,bs,0.7755365310191158,0.5801640566741237,0.40861344537815125,0.955622015115686
otsu,6,205,bs,0.8818947703067874,0.6923748908024461,0.5294903607558694,0.9661552191672673
otsu,6,206,bs,0.7969252271139063,0.6591526501358304,0.49159410293990863,0.9629455084703162
otsu,6,207,bs,0.7619457069156124,0.6103813038130381,0.4392437331822688,0.9569918752172402
otsu,6,208,bs,0.7754220651747153,0.46415981198589895,0.3022188217291507,0.9465808628284027
otsu,6,209,bs,0.6219714570195818,0.35866028708133973,0.21851679104477612,0.935190647029813
otsu,6,210,bs,0.8420398009950248,0.4483773640444477,0.2889732036993123,0.9408263471163106
otsu,6,211,bs,0.7974683544303798,0.5725355144210074,0.4010856453558504,0.9543378295524219
otsu,6,212,bs,0.7054813578185866,0.46318962367555716,0.3013967310549777,0.9444452321871677
otsu,6,213,bs,0.816414686825054,0.6902358610195283,0.5269924870265665,0.9628414968055978
otsu,6,214,bs,0.8062717770034843,0.6224780760746759,0.4518825183565068,0.9580011491776198
otsu,6,215,bs,0.8613018811585548,0.5968651388960736,0.4253797375018434,0.9587462414771524
otsu,6,216,bs,0.865228013029316,0.6471752702908482,0.47838811346240434,0.9661184659478641
otsu,6,217,bs,0.7157079646017699,0.5407438361888842,0.37056128293241697,0.9533046926635823
otsu,6,218,bs,0.85803634647156,0.6958560627811273,0.5335730534967345,0.966220238095238
otsu,6,219,bs,0.722411655300682,0.531986531986532,0.3623853211009174,0.9501091988636018
otsu,6,220,bs,0.7933636955107352,0.5790673378288537,0.4075262348773478,0.9559215499065123
otsu,6,221,bs,0.6704091816367266,0.4456607372392918,0.28672037560689323,0.9406731899975593
otsu,6,222,bs,0.797318406664931,0.5173578849564997,0.3489432005924913,0.9517903546960953
otsu,6,223,bs,0.8768586104352528,0.6544922564697574,0.4864277144571086,0.9636858179041802
otsu,6,224,bs,0.897062646217832,0.6502732240437158,0.4817813765182186,0.9643912359464334
otsu,6,225,bs,0.8616430752150985,0.5702346512375442,0.3988309352517986,0.9562356792144027
otsu,6,226,bs,0.6464446206714248,0.38639595512719227,0.23946144430844554,0.9378391356542617
otsu,6,227,bs,0.733260751224823,0.42748333862265947,0.27184661957618567,0.9436443722470401
otsu,6,228,bs,0.8250032287227173,0.5022999803420484,0.3353808998792461,0.9496559952276794
otsu,6,229,bs,0.7474776592678005,0.38404857999777836,0.2376609687915311,0.9392217756667884
otsu,6,230,bs,0.6977012821993762,0.3422290214743045,0.2064392644746736,0.9317226087621377
otsu,6,231,bs,0.8105613557270389,0.608404315729699,0.43719905329307107,0.962725936175733
otsu,6,232,bs,0.8774102744546094,0.6703946660931283,0.5042057586541572,0.9699273940345369
otsu,6,233,bs,0.7314838381267498,0.5872196965827247,0.41564827536336685,0.9535652103959685
otsu,6,234,bs,0.699925907631514,0.5707093591099028,0.3992955265938711,0.9489477623110313
otsu,6,235,bs,0.8591891546233533,0.722637551766794,0.5657263157894736,0.970834747200543
otsu,6,236,bs,0.8261436488101705,0.5967115331789821,0.42522371364653244,0.9552014995313964
otsu,6,237,bs,0.8525453481568168,0.5919154986796669,0.42036930178880555,0.9587026591458501
otsu,6,238,bs,0.8101320946436348,0.4165080786596515,0.26303138844377416,0.9400929427134215
otsu,6,239,bs,0.7483974358974359,0.5520094562647754,0.3812244897959184,0.9525289790713033
otsu,6,240,bs,0.783357771260997,0.5082951774989594,0.3407478274734912,0.9507879639107768
otsu,6,241,bs,0.7439720812182741,0.4972961509914113,0.33093423652272086,0.9429221545351665
otsu,6,242,bs,0.6679399367755532,0.42814927389395474,0.27238545415480475,0.9393719677032422
otsu,6,243,bs,0.7619322278298486,0.4664753917457515,0.304185136146451,0.9511675824175824
otsu,6,244,bs,0.6069493741827013,0.30684232894177643,0.18122489959839358,0.9323722910216719
otsu,6,245,bs,0.5641397495056032,0.2470554272517321,0.1409373867790916,0.9212571325061136
otsu,6,246,bs,0.48644138506466417,0.2046990666237528,0.1140193617784152,0.9159952405235424
otsu,6,247,bs,0.44062857737537725,0.21013971263369483,0.11740565122147353,0.9205417212756662
otsu,6,248,bs,0.6032752245113576,0.30563361434497527,0.18038224609066497,0.9333935203409266
otsu,6,249,bs,0.602513553474618,0.29525419635309746,0.17319543812424737,0.9293088046029222
otsu,6,250,bs,0.8188666324259545,0.6448264239973037,0.4758257063270991,0.9577601410934744
otsu,6,251,bs,0.7051776920005324,0.43881227481674745,0.28107591914690433,0.940192253371937
otsu,6,252,bs,0.8318912237330037,0.6177460479347272,0.4469121227772449,0.9644064577397911
otsu,6,301,ygs,0.9296116504854369,0.8389923329682366,0.7226415094339622,0.9743991640543365
otsu,6,302,ygs,0.8338879645036051,0.7463390419458923,0.5953276578895268,0.9569865319865319
otsu,6,303,ygs,0.8118115055079559,0.7242697242697242,0.5677295099507811,0.954455266955267
otsu,6,304,ygs,0.8589427554094768,0.783804048987753,0.644471845458282,0.9632227891156463
otsu,6,305,ygs,0.8386177413608835,0.6967589166789996,0.5346354758119464,0.9520903479236813
otsu,6,306,ygs,0.8852523659305994,0.7479593536565051,0.5973922299095263,0.9612766175266175
otsu,6,307,ygs,0.7541173071366657,0.6820854566836535,0.5175490779298036,0.959579346092504
otsu,6,401,ar,0.9682148852825966,0.3136124705455864,0.1859670242266601,0.9143970630787037
otsu,6,402,ar,0.9593887550867868,0.40158520475561427,0.2512396694214876,0.9221733940972222
otsu,6,403,ar,0.9723541590549263,0.3040423465793332,0.17927472774222522,0.9173742223668981
otsu,6,404,ar,0.95035386077955,0.3466183807524127,0.20964209152763538,0.9233240198206019
otsu,6,405,ar,0.9809026128266033,0.3883465929394948,0.2409616057883067,0.9264842845775463
otsu,6,406,ar,0.9825067281814687,0.39244442738127233,0.24412495223538402,0.9284532335069444
otsu,6,407,ar,0.9838801226018844,0.33605397336228454,0.20196206366220815,0.9225825557002315
otsu,6,408,ar,0.9732683254875588,0.413632953449323,0.2607422754706783,0.9257948133680556
otsu,6,409,ar,0.9790066010172059,0.3314830081524228,0.19866924326935745,0.9175098560474537
otsu,6,410,ar,0.9703024604293998,0.4258545979778527,0.2705306621807616,0.9245198567708334
otsu,6,411,ar,0.9565970914023058,0.4063700384122919,0.25499648488500554,0.9161557798032407
otsu,6,412,ar,0.9498515341471462,0.3073337366117496,0.18156782778700414,0.9119918258101852
otsu,6,413,ar,0.9685084784865613,0.3351161491179053,0.20128500191791332,0.9246871383101852
otsu,6,414,ar,0.9800703399765534,0.45080404429465576,0.29099226772084236,0.9355355721932871
otsu,6,415,ar,0.9680405278629057,0.5203563624138511,0.351676815413978,0.9354971426504629
otsu,6,416,ar,0.9736469755925009,0.40798176866210883,0.25626702045946514,0.9277682834201388
otsu,6,417,ar,0.9692010806638364,0.45055260513851014,0.29078276980083373,0.9307725694444444
otsu,6,418,ar,0.9335089472249978,0.375394955527551,0.23106844140660132,0.9226910626446759
otsu,6,419,ar,0.9525267993874426,0.40660588336487186,0.25518224218345137,0.9220241970486112
otsu,6,420,ar,0.9487206157686707,0.33691637115839246,0.20258534526797414,0.9188413266782407
otsu,6,421,ar,0.9694696441032798,0.38228566514747614,0.2363122195998384,0.9188074182581019
otsu,6,422,ar,0.9575003495037048,0.45157249291224366,0.2916329572067277,0.9247866030092593
otsu,6,423,ar,0.9733227870856404,0.4829197809450757,0.3183218493521153,0.9344731083622685
otsu,6,424,ar,0.9773561169933955,0.360183897388348,0.2196489574743786,0.9251256872106481
otsu,6,425,ar,0.9762348555452004,0.3249762472611638,0.19401291875998425,0.9213030779803241
otsu,6,426,ar,0.9674816235218919,0.44744572748267897,0.288199733434882,0.9323933919270834
otsu,6,427,ar,0.9709195166905591,0.34970218886573606,0.2119024739088654,0.9202813042534722
otsu,6,428,ar,0.958546089760817,0.4759950622226671,0.31233170603559623,0.9289912471064815
otsu,6,429,ar,0.9703256787539247,0.5434171737893703,0.3730767409932301,0.9401290328414352
otsu,6,430,ar,0.9828918322295805,0.35267326732673265,0.21408823175862485,0.9261022497106481
otsu,7,101,yg,0.9768775434702183,0.9051332590624732,0.8267063243581716,0.9812296527400977
otsu,7,102,yg,0.9865283087565994,0.9275139067180146,0.8648260453239707,0.9856382257189366
otsu,7,103,yg,0.962046827794562,0.8947229783124067,0.809501112170321,0.9796696961475855
otsu,7,104,yg,0.9277307454057403,0.8297322253000924,0.7090105728262585,0.9687330439500814
otsu,7,105,yg,0.9530845954931658,0.8943582632810468,0.8089042169619063,0.9793305751492133
otsu,7,106,yg,0.9438712340074288,0.8878105590062112,0.7982547993019197,0.9803988062940857
otsu,7,107,yg,0.9653800238758456,0.7820760799484203,0.6421386977236633,0.9770754205100379
otsu,7,108,yg,0.9606944779358573,0.8587132234076948,0.7524079320113315,0.977770618556701
otsu,7,109,yg,0.9692385274836107,0.8678180381532904,0.7665004985044865,0.9801444655453065
otsu,7,110,yg,0.9493284493284493,0.8229690394284203,0.6991906474820144,0.9773128052088985
otsu,7,111,yg,0.8661382650814619,0.6083191588062471,0.4371111111111111,0.9570503255561584
otsu,7,112,yg,0.9304076863152428,0.7865217868510591,0.6481548480463097,0.9670204829083017
otsu,7,113,yg,0.9308536003814973,0.8176772436904388,0.691585473870682,0.9704795170916983
otsu,7,114,yg,0.9271683288002418,0.7419588875453447,0.5897731641676278,0.9638157894736842
otsu,7,115,yg,0.9040639573617588,0.7699290780141844,0.6259225092250923,0.972497287032013
otsu,7,116,yg,0.9200863930885529,0.6504809894640403,0.4820095044127631,0.9611876017362995
otsu,7,117,yg,0.9300748362956034,0.8078407475116799,0.6776282160504344,0.967919153553988
otsu,7,118,yg,0.9645819323021744,0.8508997429305912,0.7404921700223713,0.9744302767227346
otsu,7,119,yg,0.9608467590858,0.8959734474626605,0.8115506329113924,0.9798053445469344
otsu,7,120,yg,0.9361189232623544,0.7324740647595096,0.5778769841269841,0.9711408030385241
otsu,7,121,yg,0.9547315741583258,0.8601291115893022,0.7545846817691478,0.976854991861096
otsu,7,122,yg,0.9289473684210526,0.8607656669105096,0.7555650684931506,0.9806361909929463
otsu,7,123,yg,0.977033865317244,0.7854795806603035,0.6467405307910332,0.9767532555615843
otsu,7,124,yg,0.975818270639961,0.8760004385484048,0.7793601248536871,0.980822707542051
otsu,7,125,yg,0.8907103825136612,0.7133479212253829,0.5544217687074829,0.9689026044492675
otsu,7,126,yg,0.9648093841642229,0.8380224615028367,0.7212036667995217,0.9762784861638633
otsu,7,127,yg,0.8761329305135952,0.711918497606481,0.5526967791118734,0.9602041508410201
otsu,7,128,yg,0.910461609835305,0.7835895388301058,0.6441818480223207,0.9632392837764514
otsu,7,129,yg,0.9468477206595538,0.8738698415540238,0.775993640699523,0.9761089256646771
otsu,7,130,yg,0.9043560606060606,0.7670682730923695,0.6221498371335505,0.9704964731416169
otsu,7,201,bs,0.7379162191192267,0.5115141200872201,0.343647277404602,0.9489518029433995
otsu,7,202,bs,0.745311638168781,0.4896720420366008,0.32421570391698157,0.9448437255209149
otsu,7,203,bs,0.7576969212315074,0.5411966300157075,0.3709866875489428,0.9485763672156335
otsu,7,204,bs,0.7779992963527618,0.5827733122501867,0.41120684311659333,0.9559558584875041
otsu,7,205,bs,0.8812589413447782,0.688695652173913,0.5251989389920424,0.9655922836645728
otsu,7,206,bs,0.796366177498253,0.658652178938851,0.49103757325060327,0.9628889559141407
otsu,7,207,bs,0.7585063260041764,0.6079551048537954,0.43673527123558953,0.9567474800139034
otsu,7,208,bs,0.7768616673210312,0.46360512339893784,0.3017486783245222,0.9463621879978757
otsu,7,209,bs,0.6254010399380463,0.35920571882446384,0.21892184958562466,0.9349875738557794
otsu,7,210,bs,0.8384466556108348,0.44562782327665357,0.286693129193838,0.940419804543804
otsu,7,211,bs,0.7928047968021319,0.5674232309746329,0.3960857409133271,0.9536480686695279
otsu,7,212,bs,0.7053422370617696,0.4683819114046838,0.30580855298872067,0.9456032139903108
otsu,7,213,bs,0.816534677225822,0.6912840308817554,0.528215477761391,0.9630179494980226
otsu,7,214,bs,0.8126829268292682,0.6331505510614039,0.46321893867175085,0.959557327204386
otsu,7,215,bs,0.8613018811585548,0.6006872136609746,0.42927301138477564,0.9593973658577902
otsu,7,216,bs,0.8664495114006515,0.6567901234567901,0.4889705882352941,0.9674784066758955
otsu,7,217,bs,0.7229596853490659,0.5444279896334691,0.37403026834541525,0.9535265791709943
otsu,7,218,bs,0.8560302100542837,0.6969973576747538,0.5349163041073667,0.9664806547619048
otsu,7,219,bs,0.7283013019218847,0.5328268511169066,0.36316562330937474,0.9498719422797316
otsu,7,220,bs,0.7997397527651269,0.5830289806953469,0.41146147151369084,0.9562845606078689
otsu,7,221,bs,0.6735279441117764,0.4525376136792255,0.29243852237027407,0.9420311078568417
otsu,7,222,bs,0.7961468367612601,0.5191189576879005,0.3505473720410386,0.9521995545206035
otsu,7,223,bs,0.8798323871316572,0.6584058264212017,0.4907637789338762,0.9641895187800895
otsu,7,224,bs,0.8943332466857291,0.6481115192615616,0.4794119696230753,0.9641610068685008
otsu,7,225,bs,0.8634471273938384,0.5716648291069459,0.40023157082207644,0.9563993453355155
otsu,7,226,bs,0.6518636003172086,0.3915528739282312,0.24343534057255675,0.9386634653861544
otsu,7,227,bs,0.7348938486663038,0.42863946658199714,0.2727823802788442,0.9437849489238075
otsu,7,228,bs,0.8282319514400104,0.5069164492925461,0.33950976758960244,0.9503837741101611
otsu,7,229,bs,0.7526664744883251,0.38678616398785276,0.23976124885215794,0.9395031055900621
otsu,7,230,bs,0.6935427977359362,0.341991341991342,0.206266318537859,0.9320578496356461
otsu,7,231,bs,0.8055681646239976,0.6112865262070153,0.44018189334435714,0.9634015826342645
otsu,7,232,bs,0.8781140042223786,0.6690975387420237,0.5027397260273972,0.9697262558869701
otsu,7,233,bs,0.7244846016798168,0.5814523542028394,0.40989272085823314,0.9529044009906394
otsu,7,234,bs,0.7007903185971844,0.5682671606669003,0.3969086585536439,0.9483729980541835
otsu,7,235,bs,0.8667348765826832,0.7299262211212235,0.5747116689280869,0.971637823775591
otsu,7,236,bs,0.8277735521025752,0.6021658366927516,0.43078489029631306,0.9561212702425841
otsu,7,237,bs,0.8526623756582797,0.5916842618158193,0.42013608580325223,0.9586574355769705
otsu,7,238,bs,0.8085353462040935,0.41428040163629604,0.26125703564727953,0.9396600273541209
otsu,7,239,bs,0.7467948717948718,0.5514792899408284,0.380718954248366,0.9525289790713033
otsu,7,240,bs,0.7776759530791789,0.5043984783642416,0.33725459025514665,0.9503773180660366
otsu,7,241,bs,0.7523794416243654,0.5106039401442567,0.3428261655222262,0.9452697984637981
otsu,7,242,bs,0.6738672286617492,0.42888879574129185,0.2729843658289312,0.939018386236282
otsu,7,243,bs,0.7603460706560923,0.4720046547016963,0.308904510837727,0.9523392049127343
otsu,7,244,bs,0.6086306743881935,0.3083329390053471,0.18226573426573425,0.9326579315936901
otsu,7,245,bs,0.5583388266315096,0.24495343860257968,0.13957090597501895,0.9211786372007367
otsu,7,246,bs,0.4806007509386733,0.20273956530666118,0.11280477853575742,0.9159952405235424
otsu,7,247,bs,0.44531168696014156,0.21175830157866085,0.11841704718417047,0.920474318167634
otsu,7,248,bs,0.6178904736749428,0.312550102431638,0.18522037476906836,0.9339540296770439
otsu,7,249,bs,0.6067028092656481,0.2988770864946889,0.17569399843002925,0.9300416382769324
otsu,7,250,bs,0.8286252354048964,0.6591760299625468,0.49162011173184356,0.9598765432098766
otsu,7,251,bs,0.7050445893784107,0.4386204612263487,0.2809185405176071,0.9401569451309936
otsu,7,252,bs,0.830655129789864,0.6229592625019313,0.45238985713217145,0.9652374169040836
otsu,7,301,ygs,0.9271844660194175,0.8352008745558895,0.7170342562177382,0.9737460815047022
otsu,7,302,ygs,0.8430393788130893,0.7516380269501792,0.6020994256288374,0.957723063973064
otsu,7,303,ygs,0.8145654834761322,0.7263301500682128,0.5702656383890317,0.9547709235209235
otsu,7,304,ygs,0.8581210627225417,0.7869881939211254,0.6487885690619176,0.9639455782312926
otsu,7,305,ygs,0.8460990381189882,0.7037037037037037,0.5428571428571428,0.9532360643471754
otsu,7,306,ygs,0.8797318611987381,0.741688829787234,0.5894319682959049,0.9602272727272727
otsu,7,307,ygs,0.7474718289511701,0.6843915343915344,0.5202091292982103,0.9603601807549176
otsu,7,401,ar,0.9681029658645776,0.3138321995464853,0.18612157073695534,0.9144942672164352
otsu,7,402,ar,0.9594718046673865,0.4007840144314161,0.25061281155773446,0.9219066478587963
otsu,7,403,ar,0.9732066739739375,0.30491271582562246,0.17988024491265983,0.9176409686053241
otsu,7,404,ar,0.948135629027147,0.34432360895333447,0.20796552443177868,0.9227227105034722
otsu,7,405,ar,0.9823277909738717,0.38877190343686546,0.241289178277206,0.9265091507523148
otsu,7,406,ar,0.9828911956939639,0.3934136113569038,0.24487547892720307,0.9287154586226852
otsu,7,407,ar,0.9833125212850494,0.3359056889130182,0.20185495898583147,0.9225757740162037
otsu,7,408,ar,0.972595830531271,0.41334714729734556,0.26051517607853736,0.9257586443865741
otsu,7,409,ar,0.9774916134617465,0.33094579494037263,0.19828343138115725,0.9174375180844907
otsu,7,410,ar,0.970224102805203,0.42491420727522305,0.26977210335962354,0.9242350260416666
otsu,7,411,ar,0.9564463868585638,0.4063125210070584,0.254951191097899,0.9161489981192129
otsu,7,412,ar,0.9507313317936874,0.30697938675141595,0.181320525189815,0.9117635091145834
otsu,7,413,ar,0.9671242357826739,0.33390417778485804,0.20041114882631353,0.9243842230902778
otsu,7,414,ar,0.9798191257745771,0.4512533744697262,0.2913668169028113,0.9356689453125
otsu,7,415,ar,0.9676027268747264,0.520295947536573,0.35162162776426736,0.9355107060185185
otsu,7,416,ar,0.9732932437212592,0.40710943424143226,0.2555790353667882,0.9275331850405093
otsu,7,417,ar,0.9677344654573524,0.44834245252655297,0.288944202447625,0.9302571614583334
otsu,7,418,ar,0.9380506858025252,0.378257604893504,0.23324148522901797,0.9232562029803241
otsu,7,419,ar,0.9513984041267026,0.4068731365148303,0.2553928038252667,0.9222027813946759
otsu,7,420,ar,0.9469523611400041,0.3356065912190806,0.2016389811738649,0.9185158058449074
otsu,7,421,ar,0.968248429867411,0.3817384575702863,0.2358941664010201,0.9187215169270834
otsu,7,422,ar,0.9569411435761219,0.45066249691383425,0.2908743227451397,0.9245537651909722
otsu,7,423,ar,0.9734665995541814,0.48288776729503663,0.31829403051748056,0.9344550238715278
otsu,7,424,ar,0.9781947793269735,0.3609531546168427,0.2202213778291756,0.9253110532407407
otsu,7,425,ar,0.9755358807082946,0.3247624587938724,0.1938605426428373,0.9212827329282407
otsu,7,426,ar,0.9683604985618408,0.4472902404369568,0.28807073420008084,0.9322894061053241
